product_id,product_name,department_id,description,price,image_url
86,"Camilia, Single Liquid Doses",2,"Quality camilia, single liquid doses - fresh grocery product",1.77,https://via.placeholder.com/300x300?text=No+Image
506,Arrowroot Powder,2,Arrowroot powder,7.2,https://images.openfoodfacts.org/images/products/005/944/310/1652/front_fr.8.400.jpg
535,Rescue Remedy,2,Bach Rescue Remedy,2.64,https://images.openfoodfacts.org/images/products/000/005/076/1999/front_en.4.400.jpg
676,Sunset Blush,2,Sunset Blush,6.46,https://images.openfoodfacts.org/images/products/008/312/010/3691/front_en.5.400.jpg
713,Pink Moscato California,2,Pink Moscato California,9.34,https://images.openfoodfacts.org/images/products/000/000/850/9822/front_en.3.400.jpg
1010,Agar Agar Powder,2,AGAR AGAR POWDER,11.05,https://images.openfoodfacts.org/images/products/885/086/901/0502/front_en.7.400.jpg
1013,Poly-Vi-Sol® Infants And Toddlers Multivitamin Supplement Drops,2,Quality poly-vi-sol® infants and toddlers multivitamin supplement drops - fresh grocery product,5.37,https://via.placeholder.com/300x300?text=No+Image
1655,Moderate Absorbency for Women  Underwear Large,2,Quality moderate absorbency for women  underwear large - fresh grocery product,3.61,https://via.placeholder.com/300x300?text=No+Image
1682,Pink Moscato,2,Pink Moscato & Tempranillo,5.67,https://images.openfoodfacts.org/images/products/406/146/230/5085/front_de.12.400.jpg
1724,Coconut Lime Frozen Pop Dairy Free Gluten Free,2,Quality coconut lime frozen pop dairy free gluten free - fresh grocery product,11.76,https://via.placeholder.com/300x300?text=No+Image
1736,"Melatonin, Fast Dissolve, 5 mg, Tablets, Natural Strawberry Flavor & Sweeteners",2,"Quality melatonin, fast dissolve, 5 mg, tablets, natural strawberry flavor & sweeteners - fresh grocery product",8.3,https://via.placeholder.com/300x300?text=No+Image
1833,Zen Party Mix,2,Zen Party Mix,8.67,https://via.placeholder.com/300x300?text=No+Image
1892,Baby's Vitamin D3,2,Quality baby's vitamin d3 - fresh grocery product,1.36,https://via.placeholder.com/300x300?text=No+Image
2056,Beef Sirloin Tip Roast,2,USDA Choice Angus Beef Sirloin Tip Roast,4.37,https://via.placeholder.com/300x300?text=No+Image
2098,Vegetable Burger Falafil Mix,2,Falafil Vegetable Burger Mix,6.15,https://images.openfoodfacts.org/images/products/007/739/712/3469/front_en.3.400.jpg
2138,Whole Bay Leaves,2,Whole Bay Leaves,3.18,https://via.placeholder.com/300x300?text=No+Image
2334,Organic Garam Masala,2,"GARAM MASALA ""COOK"" 35g*",10.09,https://images.openfoodfacts.org/images/products/341/796/002/2701/front_fr.25.400.jpg
2353,"Multivitamin, Kids Complete, Gummies",2,Toy Story 4 - complete Multivitamin Gummies,12.39,https://images.openfoodfacts.org/images/products/075/942/700/0130/front_en.3.400.jpg
2404,Tamari Roasted Pumpkin Seeds,2,Snack Organic Tamari Roasted Pumpkin Seeds,10.93,https://images.openfoodfacts.org/images/products/502/155/498/7567/front_en.3.400.jpg
2721,California Madeira,2,Quality california madeira - fresh grocery product,9.36,https://via.placeholder.com/300x300?text=No+Image
2771,Roasted Eggplant,2,Roasted Eggplant,5.95,https://images.openfoodfacts.org/images/products/869/077/720/6051/front_en.3.400.jpg
2788,Unscented Foot Cream,2,Quality unscented foot cream - fresh grocery product,9.61,https://via.placeholder.com/300x300?text=No+Image
2874,"Melatonin, 3 mg, Vegetarian Capsules",2,"Quality melatonin, 3 mg, vegetarian capsules - fresh grocery product",9.11,https://via.placeholder.com/300x300?text=No+Image
2942,B Complex With Vitamin C Stress Formula Tablets,2,Quality b complex with vitamin c stress formula tablets - fresh grocery product,10.62,https://via.placeholder.com/300x300?text=No+Image
3043,Wooden Foot File,2,Quality wooden foot file - fresh grocery product,12.46,https://via.placeholder.com/300x300?text=No+Image
3125,Raw Pistachios,2,Lifebar chia pistachio,6.33,https://images.openfoodfacts.org/images/products/859/407/148/4613/front_cs.30.400.jpg
3163,Natural Calm Anti-Stress Drink,2,Quality natural calm anti-stress drink - fresh grocery product,4.87,https://via.placeholder.com/300x300?text=No+Image
3278,Primadophilus For Children,2,Quality primadophilus for children - fresh grocery product,14.93,https://via.placeholder.com/300x300?text=No+Image
3415,Arouses & Intensifies Personal Lubricant,2,Quality arouses & intensifies personal lubricant - fresh grocery product,13.94,https://via.placeholder.com/300x300?text=No+Image
3433,Sensitivity Ultra Thin Premium Lubricant Condoms,2,Quality sensitivity ultra thin premium lubricant condoms - fresh grocery product,1.77,https://via.placeholder.com/300x300?text=No+Image
3437,Melatonin Chewable Lozenges 3 Mg,2,Quality melatonin chewable lozenges 3 mg - fresh grocery product,6.79,https://via.placeholder.com/300x300?text=No+Image
3622,Cotes De Provence,2,75CL Cotes De Provence Rose Manon 2008,7.88,https://images.openfoodfacts.org/images/products/333/062/000/4735/front_fr.3.400.jpg
3741,Ibuprofen Infants' Berry Pain Reliever/Fever Reducer,2,Quality ibuprofen infants' berry pain reliever/fever reducer - fresh grocery product,11.94,https://via.placeholder.com/300x300?text=No+Image
3846,Fresh Air Fabric Softener,2,Quality fresh air fabric softener - fresh grocery product,1.74,https://via.placeholder.com/300x300?text=No+Image
3943,Yogurt Peanut Clusters,2,"Vanilla low-fat greek yogurt with honey roasted peanuts, peanut butter clusters & milk chocolate",5.54,https://via.placeholder.com/300x300?text=No+Image
3960,Quietude Quick Dissolving Tablets,2,Quality quietude quick dissolving tablets - fresh grocery product,13.67,https://via.placeholder.com/300x300?text=No+Image
3994,Max Bed Bug and Flea Killer,2,Quality max bed bug and flea killer - fresh grocery product,11.48,https://via.placeholder.com/300x300?text=No+Image
4009,Organic Sparkling Apple Peach  Juice,2,Quality organic sparkling apple peach  juice - fresh grocery product,9.94,https://via.placeholder.com/300x300?text=No+Image
4327,Organic Total Body Cleanse,2,Quality organic total body cleanse - fresh grocery product,1.9,https://via.placeholder.com/300x300?text=No+Image
4368,Emery Boards Value Pack,2,Quality emery boards value pack - fresh grocery product,5.84,https://via.placeholder.com/300x300?text=No+Image
4636,Greek Style Honey Yogurt,2,Greek style Honey,2.14,https://images.openfoodfacts.org/images/products/503/658/920/3896/front_en.4.400.jpg
4702,Tranquil Rose Massage Oil,2,Quality tranquil rose massage oil - fresh grocery product,13.85,https://via.placeholder.com/300x300?text=No+Image
4803,Organic Insecticide Ant & Cockroach Killer,2,Quality organic insecticide ant & cockroach killer - fresh grocery product,14.76,https://via.placeholder.com/300x300?text=No+Image
4818,Classic Vanilla Coffee Creamer,2,"Classic vanilla coffee creamer, classic vanilla",6.66,https://via.placeholder.com/300x300?text=No+Image
4882,Tape,2,HUBBA BUBBA TAPE STRAWBER iml,7.72,https://images.openfoodfacts.org/images/products/400/990/038/1352/front_en.10.400.jpg
4928,Black Chia Seeds,2,Black Chia Seeds,4.12,https://images.openfoodfacts.org/images/products/001/111/008/4521/front_en.23.400.jpg
4944,Organic Whole Raw Cashews,2,"Great Value Organic Raw Whole Cashews, 14 Oz",3.97,https://images.openfoodfacts.org/images/products/007/874/229/7071/front_en.10.400.jpg
5010,Vaginal Gel,2,Quality vaginal gel - fresh grocery product,12.68,https://via.placeholder.com/300x300?text=No+Image
5016,Melatonin 5mg Tablets,2,Quality melatonin 5mg tablets - fresh grocery product,12.17,https://via.placeholder.com/300x300?text=No+Image
5202,Natural Relief Baby Teething Tablets,2,Quality natural relief baby teething tablets - fresh grocery product,7.39,https://via.placeholder.com/300x300?text=No+Image
5211,Gift Sleeve Valentine Chocolate Hearts,2,Quality gift sleeve valentine chocolate hearts - fresh grocery product,3.13,https://via.placeholder.com/300x300?text=No+Image
5332,Turbinado Sugar,2,Turbinado Cane Sugar,7.51,https://images.openfoodfacts.org/images/products/004/480/000/1423/front_en.28.400.jpg
5435,Melatonin 1 Mg Peppermint Sublingual Tablets,2,Quality melatonin 1 mg peppermint sublingual tablets - fresh grocery product,14.88,https://via.placeholder.com/300x300?text=No+Image
5557,100% Pure Eucalyptus,2,Essential Oils 100% Organic & Pure Eucalyptus,1.34,https://via.placeholder.com/300x300?text=No+Image
5573,Liquid Personal Lubricant,2,Quality liquid personal lubricant - fresh grocery product,9.86,https://via.placeholder.com/300x300?text=No+Image
5593,Renew Life Total Body 7-Day Rapid Cleanse,2,Quality renew life total body 7-day rapid cleanse - fresh grocery product,6.27,https://via.placeholder.com/300x300?text=No+Image
5598,Organic Tamari Almonds,2,Amandes grillées enrobées de sauce à base de soja 5% issues de l'agriculture biologique.,7.97,https://images.openfoodfacts.org/images/products/322/247/690/6489/front_fr.4.400.jpg
5795,Light Classic Lime Margarita Mix,2,Classic lime light margarita mix,13.61,https://via.placeholder.com/300x300?text=No+Image
6021,Baby And Me 2 Tablets,2,Quality baby and me 2 tablets - fresh grocery product,2.11,https://via.placeholder.com/300x300?text=No+Image
6063,"Pregnancy Test, Test & Confirm",2,"Quality pregnancy test, test & confirm - fresh grocery product",3.21,https://via.placeholder.com/300x300?text=No+Image
6116,Hazelnut Non-Dairy Coffee Creamer,2,Non-Dairy Coffee Creamer Hazelnut,2.76,https://images.openfoodfacts.org/images/products/007/874/233/3724/front_en.5.400.jpg
6413,Peppermint Foot Lotion,2,Quality peppermint foot lotion - fresh grocery product,12.41,https://via.placeholder.com/300x300?text=No+Image
6434,Grapefruit Scented Foaming Hand Soap,2,Quality grapefruit scented foaming hand soap - fresh grocery product,2.04,https://via.placeholder.com/300x300?text=No+Image
6451,Peanut Butter Pretzels,2,Peanut butter Pretzels,5.02,https://images.openfoodfacts.org/images/products/009/661/933/6753/front_en.100.400.jpg
6621,"Melatonin, 1 mg, Liquid",2,"Quality melatonin, 1 mg, liquid - fresh grocery product",11.13,https://via.placeholder.com/300x300?text=No+Image
6785,Baking Soda Cream Cleaner Lemon Verbena,2,Quality baking soda cream cleaner lemon verbena - fresh grocery product,10.36,https://via.placeholder.com/300x300?text=No+Image
6847,"Magnesium Supplement, Raspberry-Lemon Flavor",2,Calm Raspberry-Lemon,11.42,https://images.openfoodfacts.org/images/products/018/340/504/3374/front_en.3.400.jpg
6960,Grenadine,2,Premium grenadine - high quality grocery product,10.3,https://images.openfoodfacts.org/images/products/611/124/210/0930/front_fr.36.400.jpg
7004,Recolte Wine,2,Recolte Rose Wine,13.94,https://via.placeholder.com/300x300?text=No+Image
7092,Melatonin NutraSpray Sublingual Orange Flavor,2,Quality melatonin nutraspray sublingual orange flavor - fresh grocery product,4.93,https://via.placeholder.com/300x300?text=No+Image
7232,Fresh Citrus Antibacterial Hand Soap Moisturizers,2,Quality fresh citrus antibacterial hand soap moisturizers - fresh grocery product,2.02,https://via.placeholder.com/300x300?text=No+Image
7233,Pleasure Pack Lubricated Ultra Fine Latex Condoms,2,Quality pleasure pack lubricated ultra fine latex condoms - fresh grocery product,12.11,https://via.placeholder.com/300x300?text=No+Image
7273,Yogurt Covered Almonds,2,Yogurt Covered Almonds,7.73,https://images.openfoodfacts.org/images/products/001/111/036/3428/front_en.4.400.jpg
7368,Top Shelf Margarita Mix,2,Quality top shelf margarita mix - fresh grocery product,7.48,https://via.placeholder.com/300x300?text=No+Image
7541,Almond Joy Mini Creamers,2,Quality almond joy mini creamers - fresh grocery product,5.84,https://via.placeholder.com/300x300?text=No+Image
7766,Extra Virgin Oil Olive,2,Huile d'olive vierge extra,10.34,https://images.openfoodfacts.org/images/products/405/648/914/1877/front_en.93.400.jpg
7807,Cinnamon Vanilla Creme Liquid Coffee Creamer,2,Quality cinnamon vanilla creme liquid coffee creamer - fresh grocery product,13.65,https://via.placeholder.com/300x300?text=No+Image
7817,DreamWalk Ultra Overnight Foot Cream,2,Quality dreamwalk ultra overnight foot cream - fresh grocery product,10.28,https://via.placeholder.com/300x300?text=No+Image
7871,ZeroMercury 357 Battery - 3 CT,2,Quality zeromercury 357 battery - 3 ct - fresh grocery product,14.58,https://via.placeholder.com/300x300?text=No+Image
8304,Hanging Moisture Absorber,2,Quality hanging moisture absorber - fresh grocery product,9.1,https://via.placeholder.com/300x300?text=No+Image
8328,Performax Intense Lubricated Ultra Fine Latex Condoms,2,Quality performax intense lubricated ultra fine latex condoms - fresh grocery product,10.3,https://via.placeholder.com/300x300?text=No+Image
8342,Pears D'Anjou Kid Size Fruit,2,Quality pears d'anjou kid size fruit - fresh grocery product,7.27,https://via.placeholder.com/300x300?text=No+Image
8455,Parsley Italian Dark Green Flat,2,Quality parsley italian dark green flat - fresh grocery product,8.96,https://via.placeholder.com/300x300?text=No+Image
8745,Beef London Broil,2,Presliced london broil roast beef,11.7,https://images.openfoodfacts.org/images/products/003/150/653/3143/front_en.3.400.jpg
8785,Ant Killer Liquid,2,Quality ant killer liquid - fresh grocery product,9.22,https://via.placeholder.com/300x300?text=No+Image
8839,"Kids Natural Calm Multivitamin, Fruity Splash Flavor",2,"Quality kids natural calm multivitamin, fruity splash flavor - fresh grocery product",8.4,https://via.placeholder.com/300x300?text=No+Image
8960,Original Raw Tigernuts,2,Quality original raw tigernuts - fresh grocery product,14.06,https://via.placeholder.com/300x300?text=No+Image
9117,Personal Lubricant Natural Aloe,2,Quality personal lubricant natural aloe - fresh grocery product,12.77,https://via.placeholder.com/300x300?text=No+Image
9481,Original Diaper Rash Ointment & Skin Protectant,2,Quality original diaper rash ointment & skin protectant - fresh grocery product,10.69,https://via.placeholder.com/300x300?text=No+Image
9610,Ultra Thin Armor Spermicidal Lubricant Condoms,2,Quality ultra thin armor spermicidal lubricant condoms - fresh grocery product,10.36,https://via.placeholder.com/300x300?text=No+Image
9770,Sweep & Vac Floor Vacuum Starter Kit,2,Quality sweep & vac floor vacuum starter kit - fresh grocery product,11.56,https://via.placeholder.com/300x300?text=No+Image
9889,Dietary Supplement Tablets for Normal Sleep Patterns,2,Quality dietary supplement tablets for normal sleep patterns - fresh grocery product,9.51,https://via.placeholder.com/300x300?text=No+Image
10002,38210 Full Jaw Cuticle Nipper,2,Quality 38210 full jaw cuticle nipper - fresh grocery product,9.24,https://via.placeholder.com/300x300?text=No+Image
10072,"Hand Sanitizer, Advanced, Refreshing Gel",2,"Quality hand sanitizer, advanced, refreshing gel - fresh grocery product",12.08,https://via.placeholder.com/300x300?text=No+Image
10147,Crystal Clear Decorative 60 Watt A Medium Base Ceiling Fan Light Bulb,2,Quality crystal clear decorative 60 watt a medium base ceiling fan light bulb - fresh grocery product,4.63,https://via.placeholder.com/300x300?text=No+Image
10217,Garden In A Can Cilantro 1 Each,2,Quality garden in a can cilantro 1 each - fresh grocery product,3.3,https://via.placeholder.com/300x300?text=No+Image
10524,Bold & Spicy Bloody Mary Mix,2,Bold & spicy bloody mary mix,14.63,https://images.openfoodfacts.org/images/products/086/287/500/0352/front_en.4.400.jpg
10567,Sanitizing Wipes,2,Quality sanitizing wipes - fresh grocery product,2.75,https://via.placeholder.com/300x300?text=No+Image
10579,Himalayan Pink Salt Liquid Hand Soap,2,Quality himalayan pink salt liquid hand soap - fresh grocery product,8.78,https://via.placeholder.com/300x300?text=No+Image
10742,Chocolate Bar,2,Organic 70% Dark Chocolate Bar,12.02,https://images.openfoodfacts.org/images/products/762/221/057/8464/front_en.29.400.jpg
10856,Cane Sugar Cocktail Simple Syrup,2,Quality cane sugar cocktail simple syrup - fresh grocery product,4.16,https://via.placeholder.com/300x300?text=No+Image
10910,Drysack Medium Sherry,2,Quality drysack medium sherry - fresh grocery product,1.92,https://via.placeholder.com/300x300?text=No+Image
11218,Whole Oregano,2,Oregano Whole,7.95,https://images.openfoodfacts.org/images/products/003/384/400/0097/front_en.3.400.jpg
11242,for Men Underwear Maximum Absorbency S/M,2,Quality for men underwear maximum absorbency s/m - fresh grocery product,7.68,https://via.placeholder.com/300x300?text=No+Image
11388,Organic Fine Ground Black Pepper,2,Organic Fine Ground Black Pepper,7.36,https://via.placeholder.com/300x300?text=No+Image
11394,Chamomile,2,Tisane pure camomille,9.9,https://images.openfoodfacts.org/images/products/611/106/900/4657/front_en.8.400.jpg
11490,Moderate Absorbency S/M for Women Underwear,2,Quality moderate absorbency s/m for women underwear - fresh grocery product,3.42,https://via.placeholder.com/300x300?text=No+Image
11511,Rapid Relief Creamy Diaper Rash Ointment,2,Quality rapid relief creamy diaper rash ointment - fresh grocery product,10.15,https://via.placeholder.com/300x300?text=No+Image
11537,Anti Bug Shake & Spray,2,Quality anti bug shake & spray - fresh grocery product,1.78,https://via.placeholder.com/300x300?text=No+Image
11897,Gripe Water,2,Woodwards - Gripe Water,14.44,https://images.openfoodfacts.org/images/products/501/250/997/8280/front_fr.4.400.jpg
11903,Beef Chuck Roast,2,Beef Chuck 7-Bone Pot Roast,8.23,https://images.openfoodfacts.org/images/products/020/105/342/2959/front_en.6.400.jpg
12040,Quick Dry White Correction Fluid,2,Quality quick dry white correction fluid - fresh grocery product,12.16,https://via.placeholder.com/300x300?text=No+Image
12093,Rubber Bands,2,Rubber bands,2.96,https://via.placeholder.com/300x300?text=No+Image
12166,Sensitivity Pack Lubricated Condoms,2,Quality sensitivity pack lubricated condoms - fresh grocery product,9.12,https://via.placeholder.com/300x300?text=No+Image
12181,3mg Melatonin Dietary Supplement Tablets - 240 CT,2,Quality 3mg melatonin dietary supplement tablets - 240 ct - fresh grocery product,7.88,https://via.placeholder.com/300x300?text=No+Image
12275,Baby Vitamin C tablets,2,Quality baby vitamin c tablets - fresh grocery product,9.17,https://via.placeholder.com/300x300?text=No+Image
12412,Organic Coco Whip,2,Quality organic coco whip - fresh grocery product,8.37,https://via.placeholder.com/300x300?text=No+Image
12446,Wasp & Hornet Killer,2,Quality wasp & hornet killer - fresh grocery product,2.43,https://via.placeholder.com/300x300?text=No+Image
12684,Organic Fruity Hearts,2,Organic Fruity Hearts,2.2,https://via.placeholder.com/300x300?text=No+Image
12773,Original Non-Dairy Creamer,2,Original non-dairy coffee creamer,11.94,https://images.openfoodfacts.org/images/products/001/111/001/1619/front_en.17.400.jpg
12903,Filberts,2,Salt crust peanuts,11.32,https://images.openfoodfacts.org/images/products/506/014/505/0051/front_en.22.400.jpg
12942,Classic Lime Margarita,2,Classic lime the original margarita mix,9.75,https://via.placeholder.com/300x300?text=No+Image
12958,BabyRub® Soothing Ointment,2,Quality babyrub® soothing ointment - fresh grocery product,4.2,https://via.placeholder.com/300x300?text=No+Image
13103,Boneless Beef Top Round Steak,2,Top Round Steak Boneless,12.21,https://via.placeholder.com/300x300?text=No+Image
13290,Compact Emeryl File,2,Quality compact emeryl file - fresh grocery product,5.16,https://via.placeholder.com/300x300?text=No+Image
13298,Deep Sleep,2,Deep Sleep Body Cocoon,11.8,https://via.placeholder.com/300x300?text=No+Image
13475,Coconut Almond Granola,2,"No Added Sugar Granola Coconut, Cashew & Almond",8.58,https://images.openfoodfacts.org/images/products/405/648/943/8564/front_en.3.400.jpg
13608,Oral Electrolyte Powder Assorted Flavors,2,Quality oral electrolyte powder assorted flavors - fresh grocery product,1.21,https://via.placeholder.com/300x300?text=No+Image
13739,Healing Baby Diaper Rash Cream,2,Quality healing baby diaper rash cream - fresh grocery product,4.15,https://via.placeholder.com/300x300?text=No+Image
13842,Sweetened Lime Juice,2,Fruktdryck utan kolsyra med smak av jordgubbe & lime,11.51,https://images.openfoodfacts.org/images/products/731/007/000/0279/front_sv.4.400.jpg
13862,Maximum Absorbency XL for Women Underwear,2,Quality maximum absorbency xl for women underwear - fresh grocery product,13.38,https://via.placeholder.com/300x300?text=No+Image
13875,Simply Sleep Nighttime Sleep Aid,2,Quality simply sleep nighttime sleep aid - fresh grocery product,14.24,https://via.placeholder.com/300x300?text=No+Image
13896,Heel Balm,2,Sanctuary Spa,2.0,https://via.placeholder.com/300x300?text=No+Image
13972,"Tulsi Cleanse, Caffeine Free, Infusion Bags",2,"Quality tulsi cleanse, caffeine free, infusion bags - fresh grocery product",12.63,https://via.placeholder.com/300x300?text=No+Image
14015,"Grape Leaves, in Vinegar Brine",2,"Krinos, grape leaves in vinegar brine",2.46,https://via.placeholder.com/300x300?text=No+Image
14076,Lavender & Chamomile Hand Soap,2,Quality lavender & chamomile hand soap - fresh grocery product,6.16,https://via.placeholder.com/300x300?text=No+Image
14078,Aromatic Bitters,2,Angostura  - aromatic bitters,14.22,https://images.openfoodfacts.org/images/products/007/549/600/2005/front_en.32.400.jpg
14116,Ground Rosemary,2,Premium ground rosemary - high quality grocery product,2.89,https://images.openfoodfacts.org/images/products/848/000/034/1754/front_es.17.400.jpg
14185,Maximum Strength Zinc Oxide Diaper Rash Paste,2,Quality maximum strength zinc oxide diaper rash paste - fresh grocery product,2.27,https://via.placeholder.com/300x300?text=No+Image
14224,First Cleanse 2 Week Program,2,Quality first cleanse 2 week program - fresh grocery product,10.56,https://via.placeholder.com/300x300?text=No+Image
14248,Spring Water Refill Liquid Hand Soap,2,"Dial Antibacterial Liquid Hand Soap Refill, Spring Water 1.53L ., Dial Hand Soap Refill",5.62,https://images.openfoodfacts.org/images/products/001/700/030/8982/front_en.9.400.jpg
14367,Cloves,2,Garlic Cloves in Sunflower Oil,11.93,https://images.openfoodfacts.org/images/products/405/648/922/3146/front_en.33.400.jpg
14568,Melatonin 2.5 Mg Peppermint Flavored Sublingual Tablets,2,Quality melatonin 2.5 mg peppermint flavored sublingual tablets - fresh grocery product,2.96,https://via.placeholder.com/300x300?text=No+Image
14610,Organic Whole Wheat Couscous,2,Organic Whole Wheat Couscous,1.42,https://images.openfoodfacts.org/images/products/007/203/676/3921/front_en.5.400.jpg
14626,Organic Cherry/Watermelon Fruity Hearts Treat Packs,2,Quality organic cherry/watermelon fruity hearts treat packs - fresh grocery product,2.6,https://via.placeholder.com/300x300?text=No+Image
14692,Organic Tea Tree Oil,2,Johnny slicks,7.72,https://images.openfoodfacts.org/images/products/000/000/081/6793/front_en.3.400.jpg
14749,Snoozeberry Sleep & Relaxation Shot,2,Quality snoozeberry sleep & relaxation shot - fresh grocery product,1.51,https://via.placeholder.com/300x300?text=No+Image
14762,Natural Stress Relief,2,Natural stress relief for pets,8.13,https://images.openfoodfacts.org/images/products/074/127/301/5000/front_en.3.400.jpg
14818,PM Simply Sleep Nighttime Sleep Aid Caplets,2,Quality pm simply sleep nighttime sleep aid caplets - fresh grocery product,3.34,https://via.placeholder.com/300x300?text=No+Image
14831,Organic Vitamin D3 400 IU Drops For Babies & Infants Natural Berry Flavor,2,Quality organic vitamin d3 400 iu drops for babies & infants natural berry flavor - fresh grocery product,12.87,https://via.placeholder.com/300x300?text=No+Image
14991,Organic Sushi Rice,2,Organic Sushi Rice,13.87,https://images.openfoodfacts.org/images/products/502/155/498/6362/front_fr.4.400.jpg
15027,Cuticle Rehab,2,Quality cuticle rehab - fresh grocery product,10.02,https://via.placeholder.com/300x300?text=No+Image
15033,Summer Red Spritzer,2,Barefoot Spritzer (summer red),9.3,https://images.openfoodfacts.org/images/products/008/500/002/3877/front_en.3.400.jpg
15099,Pure Ecstasy Ultrasmooth  Lubricant Condoms,2,Quality pure ecstasy ultrasmooth  lubricant condoms - fresh grocery product,13.32,https://via.placeholder.com/300x300?text=No+Image
15111,Exfoliating Hydro Gloves,2,Quality exfoliating hydro gloves - fresh grocery product,4.52,https://via.placeholder.com/300x300?text=No+Image
15137,Facial Tissues with Lotion,2,Quality facial tissues with lotion - fresh grocery product,6.52,https://via.placeholder.com/300x300?text=No+Image
15166,Deep Woods Insect Repellent VII,2,Quality deep woods insect repellent vii - fresh grocery product,11.07,https://via.placeholder.com/300x300?text=No+Image
15212,Wellness Herbal Kids Tincture,2,Quality wellness herbal kids tincture - fresh grocery product,1.56,https://via.placeholder.com/300x300?text=No+Image
15229,Dry Roasted No Salt Almonds,2,Organic Dry Roasted Almonds No Salt,9.6,https://via.placeholder.com/300x300?text=No+Image
15385,Ovulation & Pregnancy Ovulation Test Kit,2,Quality ovulation & pregnancy ovulation test kit - fresh grocery product,8.82,https://via.placeholder.com/300x300?text=No+Image
15440,Peaceful Sleep Oil Blend,2,Peaceful Sleep Oil Blend,2.98,https://via.placeholder.com/300x300?text=No+Image
15551,Kiwifruit,2,Premium kiwifruit - high quality grocery product,13.49,https://images.openfoodfacts.org/images/products/405/648/927/5947/front_en.3.400.jpg
15628,Ultragel Personal Lubricant,2,Quality ultragel personal lubricant - fresh grocery product,8.93,https://via.placeholder.com/300x300?text=No+Image
15670,Garlic Extra Virgin Olive Oil,2,Roasted Garlic & Extra Virgin Olive Oil Flatbread,14.67,https://images.openfoodfacts.org/images/products/000/000/178/0284/front_en.15.400.jpg
15745,Plain Salt,2,Premium plain salt - high quality grocery product,4.22,https://images.openfoodfacts.org/images/products/000/001/051/7905/front_en.32.400.jpg
15807,Original Blue Painter's Tape,2,Quality original blue painter's tape - fresh grocery product,2.56,https://via.placeholder.com/300x300?text=No+Image
16048,Deluxe Nut Mix,2,"Alesto,DELUXE,LIDL",6.15,https://images.openfoodfacts.org/images/products/000/002/035/3025/front_fr.43.400.jpg
16161,SystemSupport Liver Cleanse Capsules,2,Quality systemsupport liver cleanse capsules - fresh grocery product,11.66,https://via.placeholder.com/300x300?text=No+Image
16267,Extra Strength Instant Relief for Teething Pain Daytime & Nighttime,2,Quality extra strength instant relief for teething pain daytime & nighttime - fresh grocery product,5.79,https://via.placeholder.com/300x300?text=No+Image
16496,Rhodiola Rosea,2,Rhodiola Rosea,4.24,https://images.openfoodfacts.org/images/products/560/039/730/4047/front_es.3.400.jpg
16583,Regular Nail Polish Remover,2,Quality regular nail polish remover - fresh grocery product,11.88,https://via.placeholder.com/300x300?text=No+Image
16707,Butt Paste Original Diaper Rash Ointment,2,Quality butt paste original diaper rash ointment - fresh grocery product,11.6,https://via.placeholder.com/300x300?text=No+Image
16776,Crushed Chili,2,Crushed Chillies,14.23,https://images.openfoodfacts.org/images/products/000/000/022/4802/front_en.3.400.jpg
16928,PM Pain Reliever and Nighttime Sleep Aid Caplets,2,Quality pm pain reliever and nighttime sleep aid caplets - fresh grocery product,6.8,https://via.placeholder.com/300x300?text=No+Image
17049,Teething Gel,2,BABY Organic Teething Gel,12.98,https://via.placeholder.com/300x300?text=No+Image
17107,Perfect Food Alkalize & Detoxifier RAW Organic Green Super Food,2,Quality perfect food alkalize & detoxifier raw organic green super food - fresh grocery product,5.92,https://via.placeholder.com/300x300?text=No+Image
17110,Original Liquid Coffee Creamer,2,Quality original liquid coffee creamer - fresh grocery product,13.68,https://via.placeholder.com/300x300?text=No+Image
17259,Advanced Refreshing Gel,2,Quality advanced refreshing gel - fresh grocery product,11.94,https://via.placeholder.com/300x300?text=No+Image
17277,CleanseMore Natural Laxative Formula Vegetable Capsules,2,Quality cleansemore natural laxative formula vegetable capsules - fresh grocery product,5.89,https://via.placeholder.com/300x300?text=No+Image
17345,Original Salad Cream,2,Salad Cream Original,10.05,https://images.openfoodfacts.org/images/products/500/015/707/5154/front_en.24.400.jpg
17430,Early Pregnancy Test,2,Advanced Early Result Pregnancy Test,14.65,https://via.placeholder.com/300x300?text=No+Image
17467,All Purpose Flour Blend,2,All Purpose Wheat Flour  And Red Grape Seed Flour Blend,5.29,https://via.placeholder.com/300x300?text=No+Image
17523,Nasal Aspirator,2,Quality nasal aspirator - fresh grocery product,4.67,https://via.placeholder.com/300x300?text=No+Image
17590,Peppermint Essential Oil,2,Peppermint essential oil,3.76,https://images.openfoodfacts.org/images/products/005/138/191/1324/front_en.3.400.jpg
17625,"Detoxificant, No. 7",2,"Quality detoxificant, no. 7 - fresh grocery product",11.54,https://via.placeholder.com/300x300?text=No+Image
17718,Bin No. 27 Finest Reserve Porto,2,Quality bin no. 27 finest reserve porto - fresh grocery product,1.99,https://via.placeholder.com/300x300?text=No+Image
17822,Organic Whole Green Cardamom Pods,2,Quality organic whole green cardamom pods - fresh grocery product,4.11,https://via.placeholder.com/300x300?text=No+Image
17970,Omega 3 + DHA Fruit Flavored Gummy Bears,2,Quality omega 3 + dha fruit flavored gummy bears - fresh grocery product,6.96,https://via.placeholder.com/300x300?text=No+Image
18001,Dried Porcini Mushroom,2,"U,U Saveurs",1.76,https://images.openfoodfacts.org/images/products/336/895/734/8949/front_fr.58.400.jpg
18152,Liquid Teething Relief,2,Quality liquid teething relief - fresh grocery product,6.03,https://via.placeholder.com/300x300?text=No+Image
18182,Margarita Simple Cocktail Mixer,2,Quality margarita simple cocktail mixer - fresh grocery product,6.31,https://via.placeholder.com/300x300?text=No+Image
18194,Liquid Melatonin Natural Black Cherry Flavor,2,Quality liquid melatonin natural black cherry flavor - fresh grocery product,13.06,https://via.placeholder.com/300x300?text=No+Image
18255,Brightening Hydro Serum Facial Mask,2,Quality brightening hydro serum facial mask - fresh grocery product,11.88,https://via.placeholder.com/300x300?text=No+Image
18442,ENZ Armor Spermicidal Lubricant Latex Condoms,2,Quality enz armor spermicidal lubricant latex condoms - fresh grocery product,8.12,https://via.placeholder.com/300x300?text=No+Image
18559,Safety Swabs Cotton Products,2,Quality safety swabs cotton products - fresh grocery product,10.73,https://via.placeholder.com/300x300?text=No+Image
18652,"Pain Relief, Tablets",2,Rapid Pain Relief 342mg Tablets,9.69,https://via.placeholder.com/300x300?text=No+Image
18732,Melatonin 3 mg Tablets,2,"Natrol Melatonin 5 MG, 250 Fast Dissolve Tablets",4.71,https://via.placeholder.com/300x300?text=No+Image
18738,Thintensity Ultrasmooth Lubricant Condoms,2,Quality thintensity ultrasmooth lubricant condoms - fresh grocery product,1.06,https://via.placeholder.com/300x300?text=No+Image
18808,Vinho Verde Rose,2,youthful and fresh wine with a touch of sparkle and lovely hints of red fruit.,7.1,https://images.openfoodfacts.org/images/products/560/101/201/1500/front_pt.48.400.jpg
18809,Pediatric Electrolyte Fruit Flavor Natural & Artificial Flavor,2,Quality pediatric electrolyte fruit flavor natural & artificial flavor - fresh grocery product,7.71,https://via.placeholder.com/300x300?text=No+Image
19103,Active Insect Repellant Aerosol,2,Quality active insect repellant aerosol - fresh grocery product,9.92,https://via.placeholder.com/300x300?text=No+Image
19109,Antifungal Clotrimazole Cream,2,Quality antifungal clotrimazole cream - fresh grocery product,13.96,https://via.placeholder.com/300x300?text=No+Image
19159,Pleasure Pack Lubricated Premium Latex Condoms,2,Quality pleasure pack lubricated premium latex condoms - fresh grocery product,7.94,https://via.placeholder.com/300x300?text=No+Image
19194,Gold AA Alkaline Batteries,2,Quality gold aa alkaline batteries - fresh grocery product,4.71,https://via.placeholder.com/300x300?text=No+Image
19335,Wood Clothespins,2,Quality wood clothespins - fresh grocery product,8.87,https://via.placeholder.com/300x300?text=No+Image
19399,Organic Semi Sweet Chocolate Chips,2,Organic semi - sweet chocolate chips,4.36,https://via.placeholder.com/300x300?text=No+Image
19430,Rye Flour,2,crispy rye bread,12.58,https://images.openfoodfacts.org/images/products/730/040/011/8101/front_en.112.400.jpg
19463,Classic Margarita Mix,2,Classic lime the original margarita mix,9.21,https://via.placeholder.com/300x300?text=No+Image
19769,Zero Calorie Tonic Water,2,Zero Calorie Soda - Tonic Water Naturally Flavored,11.39,https://via.placeholder.com/300x300?text=No+Image
19774,Maximum Absorbency L for Women  Underwear,2,Quality maximum absorbency l for women  underwear - fresh grocery product,14.47,https://via.placeholder.com/300x300?text=No+Image
19869,Sniffle Support Drops Alcohol Free Formula,2,Quality sniffle support drops alcohol free formula - fresh grocery product,4.19,https://via.placeholder.com/300x300?text=No+Image
20047,Premium Lubricant Condoms ENZ,2,Quality premium lubricant condoms enz - fresh grocery product,6.5,https://via.placeholder.com/300x300?text=No+Image
20066,Candle Lighter,2,Quality candle lighter - fresh grocery product,8.25,https://via.placeholder.com/300x300?text=No+Image
20187,Organic Bowel Cleanse,2,Quality organic bowel cleanse - fresh grocery product,1.96,https://via.placeholder.com/300x300?text=No+Image
20228,Rescue Sleep,2,Rescue sleep dropper,5.04,https://images.openfoodfacts.org/images/products/500/048/810/4325/front_en.3.400.jpg
20270,Seabreeze Salad,2,Seabreeze Seaweed salad,4.0,https://images.openfoodfacts.org/images/products/002/301/200/2602/front_en.3.400.jpg
20351,Turmeric Ginger Tea Organic,2,Organic Turmeric With Meadowsweet & Ginger Herbal Tea,4.9,https://images.openfoodfacts.org/images/products/003/291/700/2563/front_en.3.400.jpg
20402,Liquid Personal Lubricant and Moisturizer,2,Quality liquid personal lubricant and moisturizer - fresh grocery product,13.75,https://via.placeholder.com/300x300?text=No+Image
20406,Roasted Unsalted Almonds,2,Dry Roasted Unsalted Almonds,8.31,https://images.openfoodfacts.org/images/products/000/000/011/1492/front_en.10.400.jpg
20441,Organic Coconut Almond Granola,2,"Organic Granola, Coconut Almond",3.79,https://via.placeholder.com/300x300?text=No+Image
20510,Baby Tummy Gripe Water Dietary Supplement,2,Quality baby tummy gripe water dietary supplement - fresh grocery product,4.12,https://via.placeholder.com/300x300?text=No+Image
20533,Good Glide Personal Lubricant With Aloe Vera,2,Quality good glide personal lubricant with aloe vera - fresh grocery product,1.83,https://via.placeholder.com/300x300?text=No+Image
20572,Cherry Flavor Natural Calm Anti-Stress Drink,2,Quality cherry flavor natural calm anti-stress drink - fresh grocery product,8.94,https://via.placeholder.com/300x300?text=No+Image
20599,Unsalted Roasted Cashews,2,Roasted & Unsalted Whole Cashews,7.11,https://images.openfoodfacts.org/images/products/000/000/037/8857/front_en.26.400.jpg
20716,Rescue Remedy for Kids,2,Quality rescue remedy for kids - fresh grocery product,2.89,https://via.placeholder.com/300x300?text=No+Image
20746,White Tea & Berry Fusion Antibacterial Hand Soap Moisturizers,2,Quality white tea & berry fusion antibacterial hand soap moisturizers - fresh grocery product,11.39,https://via.placeholder.com/300x300?text=No+Image
20819,White Gorilla Glue Pen,2,Quality white gorilla glue pen - fresh grocery product,3.94,https://via.placeholder.com/300x300?text=No+Image
20829,Floral Arrangement,2,Quality floral arrangement - fresh grocery product,4.04,https://via.placeholder.com/300x300?text=No+Image
20897,Milk Chocolate Coconut Bar,2,Moist tender coconut covered in thick milk chocolate,3.23,https://images.openfoodfacts.org/images/products/000/004/011/1216/front_en.222.400.jpg
20962,Toe Nail Clip,2,Quality toe nail clip - fresh grocery product,12.03,https://via.placeholder.com/300x300?text=No+Image
21046,Ten Year Old Tawny Porto,2,Quality ten year old tawny porto - fresh grocery product,6.72,https://via.placeholder.com/300x300?text=No+Image
21094,"Plastic Bubble Mailer 6\"" x 9.25\""",2,"Quality plastic bubble mailer 6\"" x 9.25\"" - fresh grocery product",2.95,https://via.placeholder.com/300x300?text=No+Image
21221,Authentic Margaritas Classic Lime,2,Quality authentic margaritas classic lime - fresh grocery product,13.25,https://via.placeholder.com/300x300?text=No+Image
21234,Almost Naked Personal Lubricant,2,Quality almost naked personal lubricant - fresh grocery product,10.9,https://via.placeholder.com/300x300?text=No+Image
21365,Peppermint Foot Scrub,2,Quality peppermint foot scrub - fresh grocery product,1.27,https://via.placeholder.com/300x300?text=No+Image
21504,Organic Supreme Fruit & Nut Mix,2,"Supreme, fruit and nut mix organic",4.07,https://images.openfoodfacts.org/images/products/000/008/136/0550/front_en.3.400.jpg
21581,Doc McStuffins Adhesive Bandages,2,Quality doc mcstuffins adhesive bandages - fresh grocery product,7.05,https://via.placeholder.com/300x300?text=No+Image
21644,Ground Oregano,2,Premium ground oregano - high quality grocery product,3.8,https://images.openfoodfacts.org/images/products/405/648/941/6685/front_en.31.400.jpg
21651,The World's Best Pencil #2,2,Quality the world's best pencil #2 - fresh grocery product,7.91,https://via.placeholder.com/300x300?text=No+Image
21677,Baby Powder,2,Croissance réduit en sucre,14.36,https://images.openfoodfacts.org/images/products/611/124/210/3528/front_fr.56.400.jpg
21790,Rhodiola Rosea Vegetarian Liquid Phyto-Caps,2,Quality rhodiola rosea vegetarian liquid phyto-caps - fresh grocery product,10.4,https://via.placeholder.com/300x300?text=No+Image
21865,Carob Spirulina Energy Chunks,2,Chunks Energy Carob Spirulina,12.68,https://images.openfoodfacts.org/images/products/000/008/054/1127/front_en.7.400.jpg
21867,Wild Bird Food,2,Oven Bake Lightly Battered Wild Caught Fish Fillets,5.9,https://images.openfoodfacts.org/images/products/931/008/141/4698/front_en.18.400.jpg
21870,Sambucus Nighttime Standardized Elderberry,2,Quality sambucus nighttime standardized elderberry - fresh grocery product,6.3,https://via.placeholder.com/300x300?text=No+Image
21965,Quinoa Flour,2,"Pain spécial tranché à la farine de blé et de maïs, graines de tournesol et quinoa",11.77,https://images.openfoodfacts.org/images/products/376/004/979/8821/front_fr.33.400.jpg
22072,Coco Re'al Real Gourmet Cream of Coconut,2,Quality coco re'al real gourmet cream of coconut - fresh grocery product,13.62,https://via.placeholder.com/300x300?text=No+Image
22157,Infants' Ibuprofen 50mg White Grape Flavored Concentrated Drops Fever Reducer/Pain Reliever,2,Quality infants' ibuprofen 50mg white grape flavored concentrated drops fever reducer/pain reliever - fresh grocery product,7.58,https://via.placeholder.com/300x300?text=No+Image
22383,Organic Raw Pumpkin Seeds,2,Organic Sprouted Pumpkin Seeds,7.07,https://images.openfoodfacts.org/images/products/081/003/230/0463/front_en.74.400.jpg
22396,Digital Pregnancy Test,2,Quality digital pregnancy test - fresh grocery product,12.89,https://via.placeholder.com/300x300?text=No+Image
22397,Anti-Stress Drink Assorted Flavor Packets,2,Quality anti-stress drink assorted flavor packets - fresh grocery product,8.83,https://via.placeholder.com/300x300?text=No+Image
22488,Arugula Rocket Salad,2,"Arugula Wild Rocket Salad, Roquette",11.62,https://via.placeholder.com/300x300?text=No+Image
22567,Original Pickle,2,Cornichons au vinaigre.,10.0,https://images.openfoodfacts.org/images/products/871/256/624/6526/front_fr.116.400.jpg
22605,Personal Lubricant,2,Quality personal lubricant - fresh grocery product,4.56,https://via.placeholder.com/300x300?text=No+Image
23186,Naturals Flushable Moist Wipes Tush Wipes,2,Quality naturals flushable moist wipes tush wipes - fresh grocery product,5.59,https://via.placeholder.com/300x300?text=No+Image
23303,Inari,2,"Shiitake mushroom, pepper and lettuce rolls. Pickled carrot, cucumber and red pepper rolls. Pickled red cabbage, yellow pepper and rocket rolls. Inari Nigiri. Cucumber hosomaki. Crispy onions, soy sau",13.63,https://images.openfoodfacts.org/images/products/503/527/214/5024/front_en.17.400.jpg
23467,Platinum Premium Lubricant,2,Quality platinum premium lubricant - fresh grocery product,7.23,https://via.placeholder.com/300x300?text=No+Image
23477,Antibacterial Liquid Hand Soap Fresh Citrus,2,Quality antibacterial liquid hand soap fresh citrus - fresh grocery product,14.52,https://via.placeholder.com/300x300?text=No+Image
23553,Calcium Citrate Magnesium Plus,2,Quality calcium citrate magnesium plus - fresh grocery product,11.56,https://via.placeholder.com/300x300?text=No+Image
23690,Paleo Magazine,2,Quality paleo magazine - fresh grocery product,2.43,https://via.placeholder.com/300x300?text=No+Image
23859,Falafel,2,"Falafels made with chickpeas, onion and coriander",13.67,https://images.openfoodfacts.org/images/products/501/368/330/5589/front_en.83.400.jpg
24095,Massage & Play 2 in 1 Soothing Touch Massage & Intimate Pleasure Gel,2,Quality massage & play 2 in 1 soothing touch massage & intimate pleasure gel - fresh grocery product,13.05,https://via.placeholder.com/300x300?text=No+Image
24230,Kick It Immune For Kids Drops,2,Quality kick it immune for kids drops - fresh grocery product,10.55,https://via.placeholder.com/300x300?text=No+Image
24261,Nighttime Sleep Aid Caplets,2,Quality nighttime sleep aid caplets - fresh grocery product,1.01,https://via.placeholder.com/300x300?text=No+Image
24316,Raw Walnuts,2,Raw California Walnut Halves & Pieces,10.62,https://images.openfoodfacts.org/images/products/000/000/094/3338/front_en.9.400.jpg
24437,Baby Eczema Therapy Soothing Bath Treatment,2,Quality baby eczema therapy soothing bath treatment - fresh grocery product,6.11,https://via.placeholder.com/300x300?text=No+Image
24456,Sweets Organic Lollipops,2,"Organic Vitamin C Pops Pom, Watermelon, Strawby, Grape, Cherry, Peach, Raspby, Mango",5.59,https://images.openfoodfacts.org/images/products/081/016/501/1953/front_en.24.400.jpg
24512,"Condoms, Premium Latex, Ultra Thin, Premium Lubricant",2,"Quality condoms, premium latex, ultra thin, premium lubricant - fresh grocery product",13.95,https://via.placeholder.com/300x300?text=No+Image
24565,Miconazole Nitrate Powder Spray Antifungal,2,Quality miconazole nitrate powder spray antifungal - fresh grocery product,12.93,https://via.placeholder.com/300x300?text=No+Image
24599,Psychic Detox Magickal Mineral Bath Salts,2,Quality psychic detox magickal mineral bath salts - fresh grocery product,8.65,https://via.placeholder.com/300x300?text=No+Image
24603,California Blush Pink Champagne,2,Quality california blush pink champagne - fresh grocery product,9.39,https://via.placeholder.com/300x300?text=No+Image
24666,Cherry Flavor Teething & Oral Pain Relief Gel,2,Quality cherry flavor teething & oral pain relief gel - fresh grocery product,6.44,https://via.placeholder.com/300x300?text=No+Image
24871,Pina Colada Mix,2,Pina colada mix,4.23,https://images.openfoodfacts.org/images/products/007/065/596/0301/front_fr.4.400.jpg
24897,Rose Wine,2,youthful and fresh wine with a touch of sparkle and lovely hints of red fruit.,7.5,https://images.openfoodfacts.org/images/products/560/101/201/1500/front_pt.48.400.jpg
24996,White Zinfandel,2,White Zinfandel,13.94,https://images.openfoodfacts.org/images/products/506/007/818/3741/front_en.3.400.jpg
25042,Organic Insect Repellent Fresh Natural Scent,2,Quality organic insect repellent fresh natural scent - fresh grocery product,10.98,https://via.placeholder.com/300x300?text=No+Image
25127,Swisspers Triple Size Cotton Balls,2,Quality swisspers triple size cotton balls - fresh grocery product,4.23,https://via.placeholder.com/300x300?text=No+Image
25255,"Super Glue, All Purpose, Brush",2,"Quality super glue, all purpose, brush - fresh grocery product",9.62,https://via.placeholder.com/300x300?text=No+Image
25515,Stella Pink Semi-Sweet,2,Quality stella pink semi-sweet - fresh grocery product,3.79,https://via.placeholder.com/300x300?text=No+Image
25554,Creamer,2,Coffee Mate,14.49,https://images.openfoodfacts.org/images/products/844/529/085/6296/front_en.3.400.jpg
25780,"Grape Wine, Coteaux Varois en Provence, 2013",2,"Quality grape wine, coteaux varois en provence, 2013 - fresh grocery product",4.84,https://via.placeholder.com/300x300?text=No+Image
25802,Pierogi Potato & Cheese,2,Potato & Cheese Periogis,7.51,https://images.openfoodfacts.org/images/products/070/948/100/0232/front_en.3.400.jpg
25887,"Daffodils, 10\""",2,"Quality daffodils, 10\"" - fresh grocery product",1.32,https://via.placeholder.com/300x300?text=No+Image
25924,Premium Lubricant Condoms Enz,2,Quality premium lubricant condoms enz - fresh grocery product,1.64,https://via.placeholder.com/300x300?text=No+Image
26001,ZZZQuil Vanilla Cherry Nighttime Liquid Sleep Aid,2,Quality zzzquil vanilla cherry nighttime liquid sleep aid - fresh grocery product,14.28,https://via.placeholder.com/300x300?text=No+Image
26167,UltraGel Personal Lubricant,2,Quality ultragel personal lubricant - fresh grocery product,8.2,https://via.placeholder.com/300x300?text=No+Image
26398,Moderate Absorbency Long Length Incontinence Pads,2,Quality moderate absorbency long length incontinence pads - fresh grocery product,11.12,https://via.placeholder.com/300x300?text=No+Image
26423,Kitchen Bug Killer 2 Botanical,2,Quality kitchen bug killer 2 botanical - fresh grocery product,9.33,https://via.placeholder.com/300x300?text=No+Image
26515,Baby Eczema Relief Body Creme,2,Quality baby eczema relief body creme - fresh grocery product,13.39,https://via.placeholder.com/300x300?text=No+Image
26659,Tahini Sesame Paste,2,Natural Tahini,12.05,https://images.openfoodfacts.org/images/products/501/033/830/0876/front_en.9.400.jpg
26756,Light CocoWhip! Coconut Whipped Topping,2,CocoWhip Coconut Whipped Topping Light,10.28,https://images.openfoodfacts.org/images/products/074/447/389/9999/front_en.9.400.jpg
27015,Skinny Margarita,2,Skinny on the rocks margarita,14.17,https://via.placeholder.com/300x300?text=No+Image
27043,Ultra Thin Condoms,2,Quality ultra thin condoms - fresh grocery product,10.04,https://via.placeholder.com/300x300?text=No+Image
27047,Bloody Mary Cocktail Mix,2,Tomato cocktail bloody mary mix,11.26,https://via.placeholder.com/300x300?text=No+Image
27128,Margaritas Strawberry Lime,2,Uno Mas Margarita Strawberry Lime,13.08,https://images.openfoodfacts.org/images/products/008/310/397/1033/front_es.18.400.jpg
27168,Lighters,2,Lurpak Lighter,6.76,https://images.openfoodfacts.org/images/products/574/090/040/4540/front_en.28.400.jpg
27195,Delicious Blush,2,beetroot blush,9.92,https://images.openfoodfacts.org/images/products/539/151/958/1407/front_en.3.400.jpg
27301,Deep Sleep Herbal Medicine Softgels,2,Quality deep sleep herbal medicine softgels - fresh grocery product,11.08,https://via.placeholder.com/300x300?text=No+Image
27371,Margarita Salt,2,"Collins, Green Margarita Salt",11.01,https://via.placeholder.com/300x300?text=No+Image
27427,Natural Sleep Aid,2,Quality natural sleep aid - fresh grocery product,1.44,https://via.placeholder.com/300x300?text=No+Image
27515,"Mixer, Margarita",2,Margarita Mixer,7.54,https://images.openfoodfacts.org/images/products/007/049/121/2725/front_en.5.400.jpg
27680,Drug Free Sleep Aid Tablets,2,Quality drug free sleep aid tablets - fresh grocery product,2.73,https://via.placeholder.com/300x300?text=No+Image
27699,Everyone Relax Essential Oils Blend,2,Quality everyone relax essential oils blend - fresh grocery product,14.49,https://via.placeholder.com/300x300?text=No+Image
27788,L-Theanine  Vegetarian Capsules,2,Quality l-theanine  vegetarian capsules - fresh grocery product,9.52,https://via.placeholder.com/300x300?text=No+Image
27822,Masala Chai,2,Masala Chai,4.88,https://images.openfoodfacts.org/images/products/000/002/936/8228/front_en.3.400.jpg
27916,"Melatonin, 3 mg, Tablets",2,"Natrol Melatonin 5 MG, 250 Fast Dissolve Tablets",12.17,https://via.placeholder.com/300x300?text=No+Image
27936,The Original Margarita Mix,2,Classic lime the original margarita mix,7.76,https://via.placeholder.com/300x300?text=No+Image
28013,Zero Calories Apple Sparkling Beverage,2,Quality zero calories apple sparkling beverage - fresh grocery product,10.34,https://via.placeholder.com/300x300?text=No+Image
28070,Gourmet Bloody Mary Mix,2,Spicy Ghost Pepper Bloody Mary Mix,9.09,https://via.placeholder.com/300x300?text=No+Image
28072,Dark Chocolate Malt Balls,2,"Lunds & byerlys, dark chocolate malt balls",11.63,https://via.placeholder.com/300x300?text=No+Image
28119,Wipe Fresh Pet Wipes,2,Quality wipe fresh pet wipes - fresh grocery product,3.03,https://via.placeholder.com/300x300?text=No+Image
28294,Candles Birthday White,2,Quality candles birthday white - fresh grocery product,11.78,https://via.placeholder.com/300x300?text=No+Image
28445,Baby Move Prune Concentrate with Prebiotics,2,Quality baby move prune concentrate with prebiotics - fresh grocery product,1.95,https://via.placeholder.com/300x300?text=No+Image
28522,Coconut Flour,2,Coco rallado,7.0,https://images.openfoodfacts.org/images/products/848/000/034/0351/front_en.25.400.jpg
28563,Melatonin 1 mg Tablets,2,"Natrol Melatonin 5 MG, 250 Fast Dissolve Tablets",8.7,https://via.placeholder.com/300x300?text=No+Image
28588,Light Margarita,2,Light Margarita Mix,6.46,https://via.placeholder.com/300x300?text=No+Image
28660,Silhouette for Women S/M Briefs,2,Quality silhouette for women s/m briefs - fresh grocery product,13.09,https://via.placeholder.com/300x300?text=No+Image
28664,Organic Biologique Kokuho Rose Medium Grain Heirloom White Rice,2,Quality organic biologique kokuho rose medium grain heirloom white rice - fresh grocery product,9.23,https://via.placeholder.com/300x300?text=No+Image
28705,100% Pure Tea Tree Oil,2,"Essential Oils 100% Organic & Pure Starter Kit (Lavender, Peppermint, Lemon, Tea Tree)",4.77,https://via.placeholder.com/300x300?text=No+Image
28777,Soft Peach S-M Underwear for Women Maximum Absorbency,2,Quality soft peach s-m underwear for women maximum absorbency - fresh grocery product,10.3,https://via.placeholder.com/300x300?text=No+Image
28806,"Natural Calm, Sweet Lemon Flavor",2,"Quality natural calm, sweet lemon flavor - fresh grocery product",13.54,https://via.placeholder.com/300x300?text=No+Image
28984,Baby's Jarro-Dophilus +FOS Powder Probiotic Supplement,2,Quality baby's jarro-dophilus +fos powder probiotic supplement - fresh grocery product,2.13,https://via.placeholder.com/300x300?text=No+Image
29109,H2O Closer Personal Lubricant,2,Quality h2o closer personal lubricant - fresh grocery product,7.09,https://via.placeholder.com/300x300?text=No+Image
29351,Expert Shapers For Hard Nails,2,Quality expert shapers for hard nails - fresh grocery product,7.46,https://via.placeholder.com/300x300?text=No+Image
29444,AA Rechargeable Nickel Metal Hydride Batteries,2,Quality aa rechargeable nickel metal hydride batteries - fresh grocery product,1.5,https://via.placeholder.com/300x300?text=No+Image
29596,Regular Liquid Nail Polish Remover,2,Quality regular liquid nail polish remover - fresh grocery product,5.83,https://via.placeholder.com/300x300?text=No+Image
29659,Early Result Pregnancy Test,2,Advanced Early Result Pregnancy Test,2.08,https://via.placeholder.com/300x300?text=No+Image
30010,Whole Raw Brazil Nuts,2,"Great Value Organic Raw Whole Cashews, 14 Oz",7.38,https://images.openfoodfacts.org/images/products/007/874/229/7071/front_en.10.400.jpg
30023,100% Pure Moisturizing Apricot Kernel Oil,2,Quality 100% pure moisturizing apricot kernel oil - fresh grocery product,7.02,https://via.placeholder.com/300x300?text=No+Image
30081,Stimulations Ultra Ribbed Premium Lubricant Latex Condoms,2,Quality stimulations ultra ribbed premium lubricant latex condoms - fresh grocery product,14.89,https://via.placeholder.com/300x300?text=No+Image
30094,Rapid Result Pregnancy Test Kit,2,Quality rapid result pregnancy test kit - fresh grocery product,1.63,https://via.placeholder.com/300x300?text=No+Image
30134,Ultra Thin Lubricated Condoms,2,Quality ultra thin lubricated condoms - fresh grocery product,5.16,https://via.placeholder.com/300x300?text=No+Image
30177,Ashwagandha Anti-Stress And Energy Caplets,2,Quality ashwagandha anti-stress and energy caplets - fresh grocery product,7.27,https://via.placeholder.com/300x300?text=No+Image
30200,Aspen Flower Essence Anxiety Homeopathic Remedy,2,Quality aspen flower essence anxiety homeopathic remedy - fresh grocery product,3.79,https://via.placeholder.com/300x300?text=No+Image
30417,Tolnaftate Powder Spray Antifungal,2,Quality tolnaftate powder spray antifungal - fresh grocery product,11.54,https://via.placeholder.com/300x300?text=No+Image
30569,Infants Pain Reliever and Fever Reducer Berry Drops,2,Quality infants pain reliever and fever reducer berry drops - fresh grocery product,11.63,https://via.placeholder.com/300x300?text=No+Image
30852,Bareskin Premium Lubricant Condoms Sensitivity,2,Quality bareskin premium lubricant condoms sensitivity - fresh grocery product,11.66,https://via.placeholder.com/300x300?text=No+Image
30931,Stimulations Ecstasy Ultrasmooth Lubricant Premium Latex Condoms,2,Quality stimulations ecstasy ultrasmooth lubricant premium latex condoms - fresh grocery product,1.59,https://via.placeholder.com/300x300?text=No+Image
31110,Skyn Original Condoms,2,Quality skyn original condoms - fresh grocery product,9.06,https://via.placeholder.com/300x300?text=No+Image
31113,Pinot Noir Rose,2,Pinot Noir Grande Réserve Maison Castel,5.92,https://images.openfoodfacts.org/images/products/321/120/003/7469/front_fr.3.400.jpg
31146,Moscato Rose,2,"Good schmitt, irresistible fruit spread, strawberry, beach rose, moscato, strawberry, beach rose, moscato",7.6,https://via.placeholder.com/300x300?text=No+Image
31197,Chocolate Covered Raisins,2,Milk chocolate covered raisins,14.09,https://images.openfoodfacts.org/images/products/871/129/901/6109/front_en.18.400.jpg
31421,Old El Paso Med Taco Sauce 16 Oz,2,Quality old el paso med taco sauce 16 oz - fresh grocery product,5.52,https://via.placeholder.com/300x300?text=No+Image
31494,Unflavored Pediatric Electrolyte,2,Quality unflavored pediatric electrolyte - fresh grocery product,10.41,https://via.placeholder.com/300x300?text=No+Image
31643,Kids Toothpaste Berry Smart,2,Quality kids toothpaste berry smart - fresh grocery product,12.45,https://via.placeholder.com/300x300?text=No+Image
31777,Sunscreen SPF 50+,2,Alba Botanica broad sunscreen spf 50 tropical fruit clear spray,10.08,https://via.placeholder.com/300x300?text=No+Image
31803,Baby Healing Ointment,2,Quality baby healing ointment - fresh grocery product,7.26,https://via.placeholder.com/300x300?text=No+Image
32048,Beef Chuck Eye Steak,2,Beef Chuck eye steak boneless,10.58,https://via.placeholder.com/300x300?text=No+Image
32073,Calms Nerve Tension Sleeplessness 4 GR. - 100 CT,2,Quality calms nerve tension sleeplessness 4 gr. - 100 ct - fresh grocery product,11.21,https://via.placeholder.com/300x300?text=No+Image
32115,93/7 Ground Beef,2,Marketside Organic 93/7 Grass Fed Ground Beef,14.03,https://via.placeholder.com/300x300?text=No+Image
32150,Magnum Thin Lubricated Condoms,2,Quality magnum thin lubricated condoms - fresh grocery product,11.86,https://via.placeholder.com/300x300?text=No+Image
32169,Magnum BareSkin Condoms,2,Quality magnum bareskin condoms - fresh grocery product,2.97,https://via.placeholder.com/300x300?text=No+Image
32283,Intensive Repair Extra-Enriched Hand Creme,2,Quality intensive repair extra-enriched hand creme - fresh grocery product,7.15,https://via.placeholder.com/300x300?text=No+Image
32308,"Melatonin TR, Time Release, 1 mg, Tablets",2,"Quality melatonin tr, time release, 1 mg, tablets - fresh grocery product",13.83,https://via.placeholder.com/300x300?text=No+Image
32805,"Immunity Health, Gummy Bears",2,"Quality immunity health, gummy bears - fresh grocery product",5.16,https://via.placeholder.com/300x300?text=No+Image
32816,Sunflower Seeds,2,Premium sunflower seeds - high quality grocery product,4.16,https://images.openfoodfacts.org/images/products/611/121/400/4747/front_en.14.400.jpg
32817,Cider Vinegar Diet Formula Capsules,2,Quality cider vinegar diet formula capsules - fresh grocery product,12.24,https://via.placeholder.com/300x300?text=No+Image
32844,Perfectly Pink Spritzer,2,Quality perfectly pink spritzer - fresh grocery product,12.98,https://via.placeholder.com/300x300?text=No+Image
33188,Herbatonin 0.3 mg Plant Melatonin Vegan Capsules,2,Quality herbatonin 0.3 mg plant melatonin vegan capsules - fresh grocery product,8.18,https://via.placeholder.com/300x300?text=No+Image
33286,Margarita,2,Pizza Margarita cuite au feu de bois,4.85,https://images.openfoodfacts.org/images/products/376/020/968/0027/front_fr.40.400.jpg
33372,Polenta,2,Premium polenta - high quality grocery product,5.6,https://images.openfoodfacts.org/images/products/360/090/002/1890/front_fr.26.400.jpg
33446,Treat Diaper Rash Cream,2,Quality treat diaper rash cream - fresh grocery product,11.4,https://via.placeholder.com/300x300?text=No+Image
33603,Elderflower Cordial,2,belvoir farm elderflower cordial,1.77,https://images.openfoodfacts.org/images/products/502/201/901/0202/front_en.25.400.jpg
33696,Ultimate Intensive Healing Hand Cream,2,Quality ultimate intensive healing hand cream - fresh grocery product,6.36,https://via.placeholder.com/300x300?text=No+Image
33759,Systemsupport Sleepthru 30 Vegetarian Liquid Phyto Caps,2,Quality systemsupport sleepthru 30 vegetarian liquid phyto caps - fresh grocery product,4.75,https://via.placeholder.com/300x300?text=No+Image
33923,Kids Sleep & Relax Herbal Syrup,2,Quality kids sleep & relax herbal syrup - fresh grocery product,6.95,https://via.placeholder.com/300x300?text=No+Image
33960,Aloe Vera Plant,2,Boisson à l'Aloe Vera - Saveur Original,3.91,https://images.openfoodfacts.org/images/products/000/001/858/9134/front_fr.14.400.jpg
34152,Water Based Personal Lubricant,2,Quality water based personal lubricant - fresh grocery product,9.98,https://via.placeholder.com/300x300?text=No+Image
34212,No Mess Toe Nail Clippers With Easy-Slide Clipping Catcher,2,Quality no mess toe nail clippers with easy-slide clipping catcher - fresh grocery product,4.68,https://via.placeholder.com/300x300?text=No+Image
34404,Facial Mask Age Defying Hydro Serum,2,Quality facial mask age defying hydro serum - fresh grocery product,5.66,https://via.placeholder.com/300x300?text=No+Image
34624,Fingernail Clipper With File,2,Quality fingernail clipper with file - fresh grocery product,14.38,https://via.placeholder.com/300x300?text=No+Image
34680,Bloody Mary Mix,2,Bloody Mary Mix,14.03,https://images.openfoodfacts.org/images/products/061/600/374/1361/front_en.3.400.jpg
34683,Wood Mouse Traps,2,Quality wood mouse traps - fresh grocery product,14.89,https://via.placeholder.com/300x300?text=No+Image
34718,Hand Soap Organic Lemongrass,2,Quality hand soap organic lemongrass - fresh grocery product,8.9,https://via.placeholder.com/300x300?text=No+Image
34761,Organic Herbes De Provence,2,Sauce tomate aux herbes de Provence biologique,6.08,https://images.openfoodfacts.org/images/products/325/039/254/7677/front_fr.22.400.jpg
34810,Melatonin+ 200mg L-Theanine Dietary Supplement Liquid Softgels,2,Quality melatonin+ 200mg l-theanine dietary supplement liquid softgels - fresh grocery product,13.11,https://via.placeholder.com/300x300?text=No+Image
34907,"Detox, Bentonite, Great Plains",2,"Quality detox, bentonite, great plains - fresh grocery product",8.88,https://via.placeholder.com/300x300?text=No+Image
34989,Umcka Cold Care Children's Cherry Flavor Syrup,2,Quality umcka cold care children's cherry flavor syrup - fresh grocery product,5.05,https://via.placeholder.com/300x300?text=No+Image
35025,Vitamin Code Kids Cherry Berry Chewables,2,Quality vitamin code kids cherry berry chewables - fresh grocery product,13.32,https://via.placeholder.com/300x300?text=No+Image
35075,Zahatar Seasoning,2,Quality zahatar seasoning - fresh grocery product,4.73,https://via.placeholder.com/300x300?text=No+Image
35110,Waterfall Hand Wash,2,Quality waterfall hand wash - fresh grocery product,9.26,https://via.placeholder.com/300x300?text=No+Image
35133,Emergency Contraceptive,2,Quality emergency contraceptive - fresh grocery product,8.73,https://via.placeholder.com/300x300?text=No+Image
35142,Organic Breakfast Blend Coffee,2,Organic fair trade breakfast blend,4.92,https://images.openfoodfacts.org/images/products/000/000/095/1425/front_en.3.400.jpg
35189,Horseradish Bloody Mary Mix,2,"Bloody mary mix classically seasoned with black pepper, horseradish & worcestershire sauce, black pepper, horseradish & worcestershire sauce",12.31,https://via.placeholder.com/300x300?text=No+Image
35450,Hazelnut Liquid Coffee Creamer,2,Liquid coffee creamer hazelnut pump bottle,4.33,https://images.openfoodfacts.org/images/products/005/000/080/0049/front_en.4.400.jpg
35498,Watch 2032BP Batteries,2,Quality watch 2032bp batteries - fresh grocery product,1.64,https://via.placeholder.com/300x300?text=No+Image
35532,Her Pleasure Ecstasy Ultrasmooth Lubricant Latex Condoms,2,Quality her pleasure ecstasy ultrasmooth lubricant latex condoms - fresh grocery product,12.89,https://via.placeholder.com/300x300?text=No+Image
35667,Fruit Fly Trap,2,Quality fruit fly trap - fresh grocery product,11.39,https://via.placeholder.com/300x300?text=No+Image
35686,Black Elderberry Nighttime Syrup,2,Black Elderberry NightTime Syrup,13.8,https://images.openfoodfacts.org/images/products/075/106/380/0044/front_en.3.400.jpg
35930,Holland Mints,2,Valentine holland mints,14.57,https://via.placeholder.com/300x300?text=No+Image
35949,Camilia Teething Relief Single Doses,2,Quality camilia teething relief single doses - fresh grocery product,6.17,https://via.placeholder.com/300x300?text=No+Image
36066,SleepGels Nighttime Sleep Aid,2,Quality sleepgels nighttime sleep aid - fresh grocery product,1.16,https://via.placeholder.com/300x300?text=No+Image
36218,Double Ecstasy Lubricated Condoms,2,Quality double ecstasy lubricated condoms - fresh grocery product,13.77,https://via.placeholder.com/300x300?text=No+Image
36291,Maximum Strength Original Paste Diaper Rash Ointment,2,Quality maximum strength original paste diaper rash ointment - fresh grocery product,2.0,https://via.placeholder.com/300x300?text=No+Image
36314,Coconut Foot Creme,2,Quality coconut foot creme - fresh grocery product,6.92,https://via.placeholder.com/300x300?text=No+Image
36491,Living Jewel Junmai Sake,2,Quality living jewel junmai sake - fresh grocery product,9.81,https://via.placeholder.com/300x300?text=No+Image
36566,Sweet Vermouth Rosso,2,Quality sweet vermouth rosso - fresh grocery product,9.77,https://via.placeholder.com/300x300?text=No+Image
36631,Soothing Relief Diaper Rash Cream,2,Quality soothing relief diaper rash cream - fresh grocery product,5.38,https://via.placeholder.com/300x300?text=No+Image
36703,Athlete's Foot Clotrimazole Antifungal Cream,2,Quality athlete's foot clotrimazole antifungal cream - fresh grocery product,8.29,https://via.placeholder.com/300x300?text=No+Image
36842,Organic Tulsi Ginger Tea,2,Organic Tulsi Green Tea Lemon Ginger,9.28,https://images.openfoodfacts.org/images/products/080/154/150/8419/front_fr.5.400.jpg
36947,Sweet & Sour Cocktail Mix,2,Quality sweet & sour cocktail mix - fresh grocery product,4.39,https://via.placeholder.com/300x300?text=No+Image
37128,Esterelle Rose,2,Quality esterelle rose - fresh grocery product,2.62,https://via.placeholder.com/300x300?text=No+Image
37166,Yogurt Mint Sauce,2,Wild salmon in yogurt and mint sauce,12.52,https://images.openfoodfacts.org/images/products/000/000/096/0489/front_en.9.400.jpg
37314,Gold Digital Pregnancy Test,2,Quality gold digital pregnancy test - fresh grocery product,12.47,https://via.placeholder.com/300x300?text=No+Image
37389,Whispering Angel Rosé,2,Caves D Esclans Sacha Lichine Whispering Angel Rose,7.85,https://via.placeholder.com/300x300?text=No+Image
37401,Rapid Relief Zinc Oxide Diaper Rash Cream,2,Quality rapid relief zinc oxide diaper rash cream - fresh grocery product,1.53,https://via.placeholder.com/300x300?text=No+Image
37562,Rainbow Roll,2,Mentos Roll Rainbow,9.4,https://images.openfoodfacts.org/images/products/899/080/001/3244/front_ar.3.400.jpg
37760,Cherry Flavor Infants' Oral Suspension,2,"relieves babies' minor pains, headache, sore throat & toothache.",2.27,https://images.openfoodfacts.org/images/products/030/045/018/6607/front_en.4.400.jpg
37946,"Ibuprofen Drops for ages 6-23 Months, White Grape Flavor",2,"Quality ibuprofen drops for ages 6-23 months, white grape flavor - fresh grocery product",13.29,https://via.placeholder.com/300x300?text=No+Image
38088,Grenadine Syrup,2,Sirop sans sucre,3.49,https://images.openfoodfacts.org/images/products/325/622/109/6279/front_fr.42.400.jpg
38257,Baby Nighttime Tiny Cold Syrup,2,Quality baby nighttime tiny cold syrup - fresh grocery product,2.11,https://via.placeholder.com/300x300?text=No+Image
38270,Ultimate Care Hand Cream With Baobab Oil,2,Quality ultimate care hand cream with baobab oil - fresh grocery product,4.23,https://via.placeholder.com/300x300?text=No+Image
38412,Pitted Green Olives,2,Pitted Green Olives,7.74,https://images.openfoodfacts.org/images/products/000/002/044/3375/front_en.141.400.jpg
38482,Fiorucci All Natural Uncured Pancetta,2,Quality fiorucci all natural uncured pancetta - fresh grocery product,7.54,https://via.placeholder.com/300x300?text=No+Image
38662,Roasted Almond Butter,2,Almond Butter - Roasted - Creamy - Unsweetened & Salt Free,7.19,https://images.openfoodfacts.org/images/products/004/408/203/4416/front_en.12.400.jpg
38681,California White Zinfandel,2,California White Zinfandel,6.72,https://images.openfoodfacts.org/images/products/008/981/972/4246/front_en.3.400.jpg
38981,Crisp Cucumber & Melon Hand Soap,2,Quality crisp cucumber & melon hand soap - fresh grocery product,13.72,https://via.placeholder.com/300x300?text=No+Image
39071,Walnuts,2,Walnuts XXL,12.99,https://images.openfoodfacts.org/images/products/000/002/081/6438/front_en.85.400.jpg
39148,Baby Cough Syrup,2,Baby Soothing Cough Syrup,7.9,https://images.openfoodfacts.org/images/products/089/723/370/9042/front_en.3.400.jpg
39192,SleepTabs Nighttime Sleep Aid,2,Quality sleeptabs nighttime sleep aid - fresh grocery product,4.15,https://via.placeholder.com/300x300?text=No+Image
39344,MicroThin Condoms,2,Quality microthin condoms - fresh grocery product,5.05,https://via.placeholder.com/300x300?text=No+Image
39366,Homeopathic Grape Flavor Baby Gas Drops,2,Quality homeopathic grape flavor baby gas drops - fresh grocery product,8.71,https://via.placeholder.com/300x300?text=No+Image
39422,Season Tyme Leaves .5 Oz,2,Quality season tyme leaves .5 oz - fresh grocery product,5.35,https://via.placeholder.com/300x300?text=No+Image
39461,Coffee Mate French Vanilla Creamer Packets,2,Quality coffee mate french vanilla creamer packets - fresh grocery product,3.63,https://via.placeholder.com/300x300?text=No+Image
39511,Baby Diaper Rash Ointment,2,Quality baby diaper rash ointment - fresh grocery product,1.24,https://via.placeholder.com/300x300?text=No+Image
39635,Original Bloody Mary Mix,2,"Mr & mrs t, non-alcoholic original bloody mary mix",13.28,https://via.placeholder.com/300x300?text=No+Image
39670,Spicy Salmon Roll,2,Spicy salmon Avocado rolls,1.02,https://via.placeholder.com/300x300?text=No+Image
39750,Coconut & Warm Ginger Hand Soap,2,Quality coconut & warm ginger hand soap - fresh grocery product,2.98,https://via.placeholder.com/300x300?text=No+Image
39766,Gluten Free Fig Bars,2,Gluten Free Blueberry Fig Bar,12.07,https://images.openfoodfacts.org/images/products/004/749/571/0618/front_en.9.400.jpg
39768,Rescue Natural Sleep Liquid Melts,2,Quality rescue natural sleep liquid melts - fresh grocery product,6.77,https://via.placeholder.com/300x300?text=No+Image
39819,Organic Maple Sugar,2,Gluten Free Brown Sugar Maple Instant Oatmeal,11.37,https://images.openfoodfacts.org/images/products/005/844/945/0610/front_en.17.400.jpg
39946,Skyn Elite Condoms,2,Quality skyn elite condoms - fresh grocery product,10.98,https://via.placeholder.com/300x300?text=No+Image
40110,Giraffes Diapers Size 4 L,2,Quality giraffes diapers size 4 l - fresh grocery product,4.72,https://via.placeholder.com/300x300?text=No+Image
40165,Organic Margarita Mix,2,Organic margarita mix,10.83,https://via.placeholder.com/300x300?text=No+Image
40301,Caramelized Pecans,2,Peanut Butter Caramelized Crunchy Pecan,9.75,https://images.openfoodfacts.org/images/products/560/038/089/5194/front_en.53.400.jpg
40359,Fine Sea Salt,2,Fine Sea Salt,8.17,https://images.openfoodfacts.org/images/products/501/998/910/3096/front_en.37.400.jpg
40715,Original Diaper Rash Ointment,2,Quality original diaper rash ointment - fresh grocery product,5.56,https://via.placeholder.com/300x300?text=No+Image
40764,Norwegian Gold Kids DHA Chewables Fruit Punch Flavor,2,Quality norwegian gold kids dha chewables fruit punch flavor - fresh grocery product,10.5,https://via.placeholder.com/300x300?text=No+Image
41000,Cream Sherry,2,"Crustless chicken pot pie white meat chicken, broccoli, cauliflower, spinach and carrots in a sherry & herb cream sauce",2.49,https://images.openfoodfacts.org/images/products/063/748/009/0322/front_en.4.400.jpg
41200,Naturals Children's Sleep Melatonin Supplement,2,Quality naturals children's sleep melatonin supplement - fresh grocery product,6.08,https://via.placeholder.com/300x300?text=No+Image
41341,Ultra Ribbed Premium Lubricant Condoms Stimulations,2,Quality ultra ribbed premium lubricant condoms stimulations - fresh grocery product,7.88,https://via.placeholder.com/300x300?text=No+Image
41353,Lavender,2,Miel de Lavande de Provence (origine France).,7.97,https://images.openfoodfacts.org/images/products/356/007/100/9755/front_fr.60.400.jpg
41752,Cleanse Smart Advanced Total-Body Internal Cleanse 30-Day Program Vegetable Capsules,2,Quality cleanse smart advanced total-body internal cleanse 30-day program vegetable capsules - fresh grocery product,14.94,https://via.placeholder.com/300x300?text=No+Image
41760,Magnum Lubricated Large Size Latex Condoms,2,Quality magnum lubricated large size latex condoms - fresh grocery product,9.63,https://via.placeholder.com/300x300?text=No+Image
41917,Roasted Salted Pistachios,2,Californian Pistachios - Roasted & Salted,11.98,https://images.openfoodfacts.org/images/products/000/002/003/2982/front_en.57.400.jpg
41957,Original Berry Flavor Infant Drops,2,Quality original berry flavor infant drops - fresh grocery product,14.79,https://via.placeholder.com/300x300?text=No+Image
42040,Black Pepper Grinder,2,Black Peppercorn Grinder,2.59,https://images.openfoodfacts.org/images/products/405/648/951/9591/front_en.8.400.jpg
42057,Plus Pregnancy Test,2,Quality plus pregnancy test - fresh grocery product,2.98,https://via.placeholder.com/300x300?text=No+Image
42099,Eucalyptus Ease Bubble Bath,2,Quality eucalyptus ease bubble bath - fresh grocery product,6.36,https://via.placeholder.com/300x300?text=No+Image
42279,Organic Bloody Mary Mix,2,Organic bloody mary mix,3.57,https://via.placeholder.com/300x300?text=No+Image
42321,Candigone Advanced Cleansing System,2,Quality candigone advanced cleansing system - fresh grocery product,13.5,https://via.placeholder.com/300x300?text=No+Image
42369,Old Fashion Aromatic Bitters,2,Quality old fashion aromatic bitters - fresh grocery product,10.35,https://via.placeholder.com/300x300?text=No+Image
42498,Spiral Sliced Hickory Smoked Ham,2,Bone-in Spiral Sliced Ham With Natural Juices Hickory Smoked,5.14,https://images.openfoodfacts.org/images/products/000/008/164/1710/front_en.5.400.jpg
42729,Roll N Wrap Roll Avocado Salad,2,Quality roll n wrap roll avocado salad - fresh grocery product,3.53,https://via.placeholder.com/300x300?text=No+Image
42914,Organic Raw Walnut Halves,2,"Organic raw, halves & pieces walnuts",13.74,https://via.placeholder.com/300x300?text=No+Image
42952,Crayons,2,"Glace au chocolat 28,7% et glace au chocolat noir 28,7%, gaufrette 20,6%, chemisage au cacao maigre 9%, crayon de sauce au chocolat 8,5%, décor au cacao maigre 3% et noisettes sucrées et grillées 1,5%",1.84,https://images.openfoodfacts.org/images/products/356/007/033/5879/front_fr.56.400.jpg
42978,Lavendar Chamomile Hand Soap,2,Quality lavendar chamomile hand soap - fresh grocery product,9.18,https://via.placeholder.com/300x300?text=No+Image
43041,All Purpose Precision Tip 2 Pack,2,Quality all purpose precision tip 2 pack - fresh grocery product,2.09,https://via.placeholder.com/300x300?text=No+Image
43058,Maximum Absorbency Underwear for Men - L/XL,2,Quality maximum absorbency underwear for men - l/xl - fresh grocery product,14.57,https://via.placeholder.com/300x300?text=No+Image
43089,Organic Sweet Cream Cherry Lime Yogurt,2,Quality organic sweet cream cherry lime yogurt - fresh grocery product,14.29,https://via.placeholder.com/300x300?text=No+Image
43245,Pumpkin Bread Mix,2,Pumpkin Bread & Muffin Mix,10.84,https://images.openfoodfacts.org/images/products/000/000/052/4841/front_en.19.400.jpg
43393,Antibacterial Hand Soap,2,"Dial Antibacterial Liquid Hand Soap Refill, Spring Water 1.53L ., Dial Hand Soap Refill",12.52,https://images.openfoodfacts.org/images/products/001/700/030/8982/front_en.9.400.jpg
43786,Whole Sesame Seed,2,Premium whole sesame seed - high quality grocery product,14.52,https://images.openfoodfacts.org/images/products/501/807/620/0366/front_en.3.400.jpg
43793,Calendula with Beeswax & Sunflower Zinc Oxide Diaper Cream,2,Quality calendula with beeswax & sunflower zinc oxide diaper cream - fresh grocery product,1.45,https://via.placeholder.com/300x300?text=No+Image
43828,Non Alcoholic Lime Margarita Mix,2,Quality non alcoholic lime margarita mix - fresh grocery product,1.18,https://via.placeholder.com/300x300?text=No+Image
43842,Baby Naturals Gel For Teething Pain Relief,2,Quality baby naturals gel for teething pain relief - fresh grocery product,11.25,https://via.placeholder.com/300x300?text=No+Image
43918,Hand Sanitizer w/ Jelly Wrap Assorted Scents And Colors,2,Quality hand sanitizer w/ jelly wrap assorted scents and colors - fresh grocery product,7.98,https://via.placeholder.com/300x300?text=No+Image
43985,Tropical Fruit Electrolyte Solution,2,Quality tropical fruit electrolyte solution - fresh grocery product,13.78,https://via.placeholder.com/300x300?text=No+Image
44003,Melatonin 2.5 Mg Sublingual Peppermint Tablets,2,Quality melatonin 2.5 mg sublingual peppermint tablets - fresh grocery product,10.23,https://via.placeholder.com/300x300?text=No+Image
44043,5-HTP 100 Mg Vegetarian Capsules,2,Quality 5-htp 100 mg vegetarian capsules - fresh grocery product,8.43,https://via.placeholder.com/300x300?text=No+Image
44114,Ultra Sensitive Condoms,2,Quality ultra sensitive condoms - fresh grocery product,13.54,https://via.placeholder.com/300x300?text=No+Image
44121,Lemon Verbena Foaming Hand Soap,2,Quality lemon verbena foaming hand soap - fresh grocery product,14.46,https://via.placeholder.com/300x300?text=No+Image
44218,Duct Tape,2,Quality duct tape - fresh grocery product,14.71,https://via.placeholder.com/300x300?text=No+Image
44236,Dry Marsala,2,Quality dry marsala - fresh grocery product,4.14,https://via.placeholder.com/300x300?text=No+Image
44281,Super Colon Cleanse Capsules Psyllum Supplement With Herbs,2,Quality super colon cleanse capsules psyllum supplement with herbs - fresh grocery product,6.42,https://via.placeholder.com/300x300?text=No+Image
44318,Vanilla Latte Chilled Espresso Beverage,2,"Starbucks, chilled espresso beverage, skinny vanilla latte, skinny vanilla latte",6.37,https://via.placeholder.com/300x300?text=No+Image
44380,Pork Back Ribs,2,Pork Back Ribs,3.72,https://via.placeholder.com/300x300?text=No+Image
44405,Healing Ointment Advanced Therapy,2,Aquaphor Healing Ointment Advanced Therapy,13.37,https://images.openfoodfacts.org/images/products/007/214/000/4019/front_en.3.400.jpg
44558,Prevent Original Ointment,2,Quality prevent original ointment - fresh grocery product,8.16,https://via.placeholder.com/300x300?text=No+Image
44591,Whole Coriander Seed,2,Coriander seed whole organic spices,2.74,https://via.placeholder.com/300x300?text=No+Image
44645,Sesame Street Bright Banana Apple Baby Tooth & Gum Cleanser + Toothbrush,2,Quality sesame street bright banana apple baby tooth & gum cleanser + toothbrush - fresh grocery product,1.85,https://via.placeholder.com/300x300?text=No+Image
44695,Echinacea + Vitamin C & Zinc Gummy Bears,2,Quality echinacea + vitamin c & zinc gummy bears - fresh grocery product,7.93,https://via.placeholder.com/300x300?text=No+Image
44809,Kids Black Elderberry Syrup,2,Quality kids black elderberry syrup - fresh grocery product,4.48,https://via.placeholder.com/300x300?text=No+Image
44885,Liquid Ant Baits,2,Quality liquid ant baits - fresh grocery product,13.82,https://via.placeholder.com/300x300?text=No+Image
44931,Max AAA Batteries,2,Quality max aaa batteries - fresh grocery product,9.63,https://via.placeholder.com/300x300?text=No+Image
44963,Roasted Tamari Almonds,2,"Roley's, Dry Roasted Tamari Almonds",1.22,https://via.placeholder.com/300x300?text=No+Image
45071,Boneless Pork Tenderloin,2,"Meijer, boneless seasoned pork tenderloin, smokehouse mesquite",11.14,https://via.placeholder.com/300x300?text=No+Image
45166,French Green Lentils,2,Puy Lentils & French green lentils,2.86,https://images.openfoodfacts.org/images/products/501/809/501/1271/front_en.3.400.jpg
45340,Fresh Garden Mint Sauce,2,Fresh garden mint sauce,5.48,https://via.placeholder.com/300x300?text=No+Image
45384,Foot Balm,2,Foot Repair Balm,5.84,https://via.placeholder.com/300x300?text=No+Image
45435,Super Cleanse Tablets,2,Quality super cleanse tablets - fresh grocery product,13.15,https://via.placeholder.com/300x300?text=No+Image
45573,Strike On Box Matches,2,Quality strike on box matches - fresh grocery product,5.68,https://via.placeholder.com/300x300?text=No+Image
45711,Chlorofresh Liquid Chlorophyll,2,Quality chlorofresh liquid chlorophyll - fresh grocery product,9.21,https://via.placeholder.com/300x300?text=No+Image
45777,Vitamin Code Kids Chewable Whole Food Multivitamin For Kids Cherry Berry,2,Quality vitamin code kids chewable whole food multivitamin for kids cherry berry - fresh grocery product,6.32,https://via.placeholder.com/300x300?text=No+Image
45818,Pediatric Electrolyte Solution with Zinc Grape,2,Quality pediatric electrolyte solution with zinc grape - fresh grocery product,1.12,https://via.placeholder.com/300x300?text=No+Image
45856,Cherry Vanilla Granola,2,"Organic Trail Mix Chewy Granola Bars, Vanilla, Almond, Cherry",9.27,https://via.placeholder.com/300x300?text=No+Image
45884,Tulips,2,Pâté de jambon haché - Délice de Jambon,3.4,https://images.openfoodfacts.org/images/products/576/238/506/0028/front_fr.44.400.jpg
45912,Washable Water Colors,2,Quality washable water colors - fresh grocery product,14.12,https://via.placeholder.com/300x300?text=No+Image
46177,Limoncello Originale,2,Limoncello Originale,5.63,https://images.openfoodfacts.org/images/products/008/066/077/6057/front_en.3.400.jpg
46234,"Tummy Ache Natural Relief Quick-Dissolving Tablets, Ages 2-12",2,"Quality tummy ache natural relief quick-dissolving tablets, ages 2-12 - fresh grocery product",7.5,https://via.placeholder.com/300x300?text=No+Image
46247,Extra Sensitive Ultra Thin Condoms,2,Quality extra sensitive ultra thin condoms - fresh grocery product,7.97,https://via.placeholder.com/300x300?text=No+Image
46404,Cotes De Provence Rose,2,75CL Cotes De Provence Rose Manon 2008,5.8,https://images.openfoodfacts.org/images/products/333/062/000/4735/front_fr.3.400.jpg
46414,The Ultimate Margarita,2,The ultimate margarita pineapple,11.05,https://images.openfoodfacts.org/images/products/081/153/801/0399/front_en.8.400.jpg
46440,Traditional Panettone,2,Traditional Panettone,14.15,https://images.openfoodfacts.org/images/products/009/948/245/1202/front_en.4.400.jpg
46477,100% Pure Peppermint Oil,2,Essential Oils 100% Organic & Pure Peppermint,9.53,https://via.placeholder.com/300x300?text=No+Image
46507,Simple Syrup,2,Sunny Via Agave syrup squeeze bottle imp,14.0,https://images.openfoodfacts.org/images/products/308/854/350/6255/front_en.230.400.jpg
46696,Queso Fresco Cheese,2,Queso fresco granulado (mínimo 20% M.G./E.S.),9.14,https://images.openfoodfacts.org/images/products/000/002/000/2183/front_es.185.400.jpg
46739,French Wine Aperitif,2,Quality french wine aperitif - fresh grocery product,11.49,https://via.placeholder.com/300x300?text=No+Image
46745,Lentil And Rice (Creamy Coconut),2,Quality lentil and rice (creamy coconut) - fresh grocery product,2.87,https://via.placeholder.com/300x300?text=No+Image
46793,Maximum Strength Original Diaper Rash Ointment,2,Quality maximum strength original diaper rash ointment - fresh grocery product,14.78,https://via.placeholder.com/300x300?text=No+Image
46824,Sweet & Sour Mix,2,Sweet and Sour Chicken,5.27,https://images.openfoodfacts.org/images/products/000/000/078/7864/front_en.13.400.jpg
46907,Children's Grape 24-Hour,2,Quality children's grape 24-hour - fresh grocery product,11.7,https://via.placeholder.com/300x300?text=No+Image
46912,Children's Chestal Homeopathic Medicine,2,Quality children's chestal homeopathic medicine - fresh grocery product,10.89,https://via.placeholder.com/300x300?text=No+Image
46936,Mojito,2,Oulmes virgin mojito,13.98,https://images.openfoodfacts.org/images/products/611/103/500/2113/front_fr.3.400.jpg
46950,Deep Sleep Herbal Formula,2,Quality deep sleep herbal formula - fresh grocery product,3.59,https://via.placeholder.com/300x300?text=No+Image
47137,Organic Eucalyptus Oil,2,"Organic Essential Oils Aromatherapy Set - Top 4 - Peppermint, Eucalyptus, Lavender, Orange",1.72,https://via.placeholder.com/300x300?text=No+Image
47200,Kidz 250 Mg Vitamin C Fizzy  Fruit Punch Drink Mix,2,Quality kidz 250 mg vitamin c fizzy  fruit punch drink mix - fresh grocery product,13.77,https://via.placeholder.com/300x300?text=No+Image
47250,Beef Flank Steak,2,No Beef Flank Steak,6.6,https://via.placeholder.com/300x300?text=No+Image
47442,"Cocktail Mixer, Mojito",2,Mojito sparkling cocktail mixer,6.46,https://via.placeholder.com/300x300?text=No+Image
47466,Whole Cumin,2,Comino en grano,12.33,https://images.openfoodfacts.org/images/products/848/000/034/1211/front_es.22.400.jpg
47746,"Raw Shea Butter Bath, Body and Massage Oil",2,"Quality raw shea butter bath, body and massage oil - fresh grocery product",13.9,https://via.placeholder.com/300x300?text=No+Image
47812,Concentrated DEEP REACH Fogger,2,Quality concentrated deep reach fogger - fresh grocery product,1.53,https://via.placeholder.com/300x300?text=No+Image
47850,Cellular Detox Bath,2,Quality cellular detox bath - fresh grocery product,8.31,https://via.placeholder.com/300x300?text=No+Image
47856,Milk Chocolate Malt Balls,2,Milk Chocolate Malt Balls,12.68,https://images.openfoodfacts.org/images/products/008/670/068/1701/front_en.3.400.jpg
48005,Honey & Lemon Alcohol Free Formula Kids Cough Syrup,2,Quality honey & lemon alcohol free formula kids cough syrup - fresh grocery product,14.15,https://via.placeholder.com/300x300?text=No+Image
48031,Italian Sweet Creme Creamer,2,Italian sweet crème coffee creamer,6.97,https://images.openfoodfacts.org/images/products/005/000/028/1428/front_en.9.400.jpg
48049,Salted Mixed Nuts,2,"A mix of roasted and salted almonds, hazelnuts, cashew nuts, peanuts and pecan nuts",2.57,https://images.openfoodfacts.org/images/products/505/232/056/5191/front_en.3.400.jpg
48177,Organic Turmeric Powder,2,Premium organic turmeric powder - high quality grocery product,1.83,https://images.openfoodfacts.org/images/products/405/817/250/7984/front_cs.29.400.jpg
48240,Baiocchi,2,Biscuit with hazelnut and cocoa filling,11.47,https://images.openfoodfacts.org/images/products/807/680/957/3252/front_en.148.400.jpg
48249,Hazelnut Creamer,2,Hazelnut Coffee Creamer,14.7,https://images.openfoodfacts.org/images/products/081/829/001/7048/front_en.25.400.jpg
48258,Relaxing Sleep,2,Relaxing Sleep Mist,14.37,https://via.placeholder.com/300x300?text=No+Image
48402,"Homeopathic Remedy, for Travel Fatigue",2,"Quality homeopathic remedy, for travel fatigue - fresh grocery product",12.56,https://via.placeholder.com/300x300?text=No+Image
48543,Organic Flax Seed,2,"Flaxseed, Sunflower, Pumpkin & Chia Seeds & Goji Berries",6.59,https://images.openfoodfacts.org/images/products/501/688/700/4999/front_en.23.400.jpg
48575,Candida Cleanse Tablets,2,Quality candida cleanse tablets - fresh grocery product,12.34,https://via.placeholder.com/300x300?text=No+Image
48652,Clear Away Wart Remover Medicated Discs & Cushioning Pads for Feet,2,Quality clear away wart remover medicated discs & cushioning pads for feet - fresh grocery product,13.9,https://via.placeholder.com/300x300?text=No+Image
48728,Calms Forte Sleep Aid Tablets - 100 CT,2,Quality calms forte sleep aid tablets - 100 ct - fresh grocery product,10.11,https://via.placeholder.com/300x300?text=No+Image
48787,Cherry Nighttime Instant Teething Pain Relief Gel,2,Quality cherry nighttime instant teething pain relief gel - fresh grocery product,8.92,https://via.placeholder.com/300x300?text=No+Image
48796,Frozen Palak Paneer Meal with Naan Bread,2,Quality frozen palak paneer meal with naan bread - fresh grocery product,9.66,https://via.placeholder.com/300x300?text=No+Image
49088,Natural Body & Foot Powder with Tea Tree Oil & GSE,2,Quality natural body & foot powder with tea tree oil & gse - fresh grocery product,4.18,https://via.placeholder.com/300x300?text=No+Image
49196,"Anti-Fungal Liquid, Maximum Strength",2,"Quality anti-fungal liquid, maximum strength - fresh grocery product",8.26,https://via.placeholder.com/300x300?text=No+Image
49290,Protection Magickal Mineral Bath Salts With Natural Sea Salt & Pure Essential Oils,2,Quality protection magickal mineral bath salts with natural sea salt & pure essential oils - fresh grocery product,1.62,https://via.placeholder.com/300x300?text=No+Image
49297,Diphenhydramine Hcl Nighttime Sleep Aid Mini Caplets,2,Quality diphenhydramine hcl nighttime sleep aid mini caplets - fresh grocery product,10.11,https://via.placeholder.com/300x300?text=No+Image
49360,ZzzQuil Alcohol-Free Nighttime Liquid Sleep Aid,2,Quality zzzquil alcohol-free nighttime liquid sleep aid - fresh grocery product,12.68,https://via.placeholder.com/300x300?text=No+Image
49486,Boneless Beef Chuck Steak,2,Boneless beef chuck shoulder cross-rib steak,5.2,https://via.placeholder.com/300x300?text=No+Image
49541,Sweet Echinacea,2,Mielee propoli con echinacea purpurea e sambuco,2.36,https://images.openfoodfacts.org/images/products/800/112/044/7937/front_it.3.400.jpg
49542,Grapefruit Bergamot Foaming Handwash,2,Quality grapefruit bergamot foaming handwash - fresh grocery product,1.44,https://via.placeholder.com/300x300?text=No+Image
49596,Psyllium Husk Powder,2,Psyllium husk powder,1.07,https://images.openfoodfacts.org/images/products/invalid/front_fr.12.400.jpg
49613,Sirloin Tip Roast,2,Angus Sirloin Tip Roast,1.78,https://images.openfoodfacts.org/images/products/020/018/252/2349/front_en.3.400.jpg
49632,Lavender & Bergamot Sleep Balm,2,Quality lavender & bergamot sleep balm - fresh grocery product,8.51,https://via.placeholder.com/300x300?text=No+Image
