product_id,product_name,description,price,image_url
86,"Camilia, Single Liquid Doses","Quality camilia, single liquid doses - fresh grocery product",5.97,https://via.placeholder.com/300x300?text=No+Image
506,Arrowroot Powder,Arrowroot powder,7.08,https://images.openfoodfacts.org/images/products/005/944/310/1652/front_fr.8.400.jpg
535,Rescue Remedy,Bach Rescue Remedy,6.31,https://images.openfoodfacts.org/images/products/000/005/076/1999/front_en.4.400.jpg
676,Sunset Blush,Sunset Blush,10.98,https://images.openfoodfacts.org/images/products/008/312/010/3691/front_en.5.400.jpg
713,Pink Moscato California,Pink Moscato California,1.23,https://images.openfoodfacts.org/images/products/000/000/850/9822/front_en.3.400.jpg
1010,Agar Agar Powder,AGAR AGAR POWDER,10.03,https://images.openfoodfacts.org/images/products/885/086/901/0502/front_en.7.400.jpg
1013,Poly-Vi-Sol® Infants And Toddlers Multivitamin Supplement Drops,Quality poly-vi-sol® infants and toddlers multivitamin supplement drops - fresh grocery product,2.37,https://via.placeholder.com/300x300?text=No+Image
1655,Moderate Absorbency for Women  Underwear Large,Quality moderate absorbency for women  underwear large - fresh grocery product,2.23,https://via.placeholder.com/300x300?text=No+Image
1682,Pink Moscato,Pink Moscato & Tempranillo,3.54,https://images.openfoodfacts.org/images/products/406/146/230/5085/front_de.12.400.jpg
1724,Coconut Lime Frozen Pop Dairy Free Gluten Free,Quality coconut lime frozen pop dairy free gluten free - fresh grocery product,2.21,https://via.placeholder.com/300x300?text=No+Image
1736,"Melatonin, Fast Dissolve, 5 mg, Tablets, Natural Strawberry Flavor & Sweeteners","Quality melatonin, fast dissolve, 5 mg, tablets, natural strawberry flavor & sweeteners - fresh grocery product",13.78,https://via.placeholder.com/300x300?text=No+Image
1833,Zen Party Mix,Zen Party Mix,9.55,https://via.placeholder.com/300x300?text=No+Image
1892,Baby's Vitamin D3,Quality baby's vitamin d3 - fresh grocery product,5.18,https://via.placeholder.com/300x300?text=No+Image
2056,Beef Sirloin Tip Roast,USDA Choice Angus Beef Sirloin Tip Roast,7.0,https://via.placeholder.com/300x300?text=No+Image
2098,Vegetable Burger Falafil Mix,Falafil Vegetable Burger Mix,9.95,https://images.openfoodfacts.org/images/products/007/739/712/3469/front_en.3.400.jpg
2138,Whole Bay Leaves,Whole Bay Leaves,13.61,https://via.placeholder.com/300x300?text=No+Image
2334,Organic Garam Masala,"GARAM MASALA ""COOK"" 35g*",12.93,https://images.openfoodfacts.org/images/products/341/796/002/2701/front_fr.25.400.jpg
2353,"Multivitamin, Kids Complete, Gummies",Toy Story 4 - complete Multivitamin Gummies,8.93,https://images.openfoodfacts.org/images/products/075/942/700/0130/front_en.3.400.jpg
2404,Tamari Roasted Pumpkin Seeds,Snack Organic Tamari Roasted Pumpkin Seeds,8.08,https://images.openfoodfacts.org/images/products/502/155/498/7567/front_en.3.400.jpg
2721,California Madeira,Quality california madeira - fresh grocery product,12.76,https://via.placeholder.com/300x300?text=No+Image
2771,Roasted Eggplant,Roasted Eggplant,10.08,https://images.openfoodfacts.org/images/products/869/077/720/6051/front_en.3.400.jpg
2788,Unscented Foot Cream,Quality unscented foot cream - fresh grocery product,14.84,https://via.placeholder.com/300x300?text=No+Image
2874,"Melatonin, 3 mg, Vegetarian Capsules","Quality melatonin, 3 mg, vegetarian capsules - fresh grocery product",2.13,https://via.placeholder.com/300x300?text=No+Image
2942,B Complex With Vitamin C Stress Formula Tablets,Quality b complex with vitamin c stress formula tablets - fresh grocery product,3.79,https://via.placeholder.com/300x300?text=No+Image
3043,Wooden Foot File,Quality wooden foot file - fresh grocery product,3.15,https://via.placeholder.com/300x300?text=No+Image
3125,Raw Pistachios,Lifebar chia pistachio,6.44,https://images.openfoodfacts.org/images/products/859/407/148/4613/front_cs.30.400.jpg
3163,Natural Calm Anti-Stress Drink,Quality natural calm anti-stress drink - fresh grocery product,7.85,https://via.placeholder.com/300x300?text=No+Image
3278,Primadophilus For Children,Quality primadophilus for children - fresh grocery product,2.78,https://via.placeholder.com/300x300?text=No+Image
3415,Arouses & Intensifies Personal Lubricant,Quality arouses & intensifies personal lubricant - fresh grocery product,8.05,https://via.placeholder.com/300x300?text=No+Image
3433,Sensitivity Ultra Thin Premium Lubricant Condoms,Quality sensitivity ultra thin premium lubricant condoms - fresh grocery product,2.61,https://via.placeholder.com/300x300?text=No+Image
3437,Melatonin Chewable Lozenges 3 Mg,Quality melatonin chewable lozenges 3 mg - fresh grocery product,5.21,https://via.placeholder.com/300x300?text=No+Image
3622,Cotes De Provence,75CL Cotes De Provence Rose Manon 2008,9.77,https://images.openfoodfacts.org/images/products/333/062/000/4735/front_fr.3.400.jpg
3741,Ibuprofen Infants' Berry Pain Reliever/Fever Reducer,Quality ibuprofen infants' berry pain reliever/fever reducer - fresh grocery product,9.7,https://via.placeholder.com/300x300?text=No+Image
3846,Fresh Air Fabric Softener,Quality fresh air fabric softener - fresh grocery product,7.42,https://via.placeholder.com/300x300?text=No+Image
3943,Yogurt Peanut Clusters,"Vanilla low-fat greek yogurt with honey roasted peanuts, peanut butter clusters & milk chocolate",8.58,https://via.placeholder.com/300x300?text=No+Image
3960,Quietude Quick Dissolving Tablets,Quality quietude quick dissolving tablets - fresh grocery product,1.77,https://via.placeholder.com/300x300?text=No+Image
3994,Max Bed Bug and Flea Killer,Quality max bed bug and flea killer - fresh grocery product,11.49,https://via.placeholder.com/300x300?text=No+Image
4009,Organic Sparkling Apple Peach  Juice,Quality organic sparkling apple peach  juice - fresh grocery product,10.77,https://via.placeholder.com/300x300?text=No+Image
4327,Organic Total Body Cleanse,Quality organic total body cleanse - fresh grocery product,11.71,https://via.placeholder.com/300x300?text=No+Image
4368,Emery Boards Value Pack,Quality emery boards value pack - fresh grocery product,10.1,https://via.placeholder.com/300x300?text=No+Image
4636,Greek Style Honey Yogurt,Greek style Honey,10.14,https://images.openfoodfacts.org/images/products/503/658/920/3896/front_en.4.400.jpg
4702,Tranquil Rose Massage Oil,Quality tranquil rose massage oil - fresh grocery product,13.94,https://via.placeholder.com/300x300?text=No+Image
4803,Organic Insecticide Ant & Cockroach Killer,Quality organic insecticide ant & cockroach killer - fresh grocery product,6.04,https://via.placeholder.com/300x300?text=No+Image
4818,Classic Vanilla Coffee Creamer,"Classic vanilla coffee creamer, classic vanilla",13.29,https://via.placeholder.com/300x300?text=No+Image
4882,Tape,HUBBA BUBBA TAPE STRAWBER iml,12.27,https://images.openfoodfacts.org/images/products/400/990/038/1352/front_en.10.400.jpg
4928,Black Chia Seeds,Black Chia Seeds,6.98,https://images.openfoodfacts.org/images/products/001/111/008/4521/front_en.23.400.jpg
4944,Organic Whole Raw Cashews,"Great Value Organic Raw Whole Cashews, 14 Oz",6.14,https://images.openfoodfacts.org/images/products/007/874/229/7071/front_en.10.400.jpg
5010,Vaginal Gel,Quality vaginal gel - fresh grocery product,12.07,https://via.placeholder.com/300x300?text=No+Image
5016,Melatonin 5mg Tablets,Quality melatonin 5mg tablets - fresh grocery product,4.09,https://via.placeholder.com/300x300?text=No+Image
5202,Natural Relief Baby Teething Tablets,Quality natural relief baby teething tablets - fresh grocery product,9.71,https://via.placeholder.com/300x300?text=No+Image
5211,Gift Sleeve Valentine Chocolate Hearts,Quality gift sleeve valentine chocolate hearts - fresh grocery product,4.15,https://via.placeholder.com/300x300?text=No+Image
5332,Turbinado Sugar,Turbinado Cane Sugar,4.59,https://images.openfoodfacts.org/images/products/004/480/000/1423/front_en.28.400.jpg
5435,Melatonin 1 Mg Peppermint Sublingual Tablets,Quality melatonin 1 mg peppermint sublingual tablets - fresh grocery product,10.54,https://via.placeholder.com/300x300?text=No+Image
5557,100% Pure Eucalyptus,Essential Oils 100% Organic & Pure Eucalyptus,13.63,https://via.placeholder.com/300x300?text=No+Image
5573,Liquid Personal Lubricant,Quality liquid personal lubricant - fresh grocery product,7.96,https://via.placeholder.com/300x300?text=No+Image
5593,Renew Life Total Body 7-Day Rapid Cleanse,Quality renew life total body 7-day rapid cleanse - fresh grocery product,5.38,https://via.placeholder.com/300x300?text=No+Image
5598,Organic Tamari Almonds,Amandes grillées enrobées de sauce à base de soja 5% issues de l'agriculture biologique.,1.45,https://images.openfoodfacts.org/images/products/322/247/690/6489/front_fr.4.400.jpg
5795,Light Classic Lime Margarita Mix,Classic lime light margarita mix,8.1,https://via.placeholder.com/300x300?text=No+Image
6021,Baby And Me 2 Tablets,Quality baby and me 2 tablets - fresh grocery product,14.52,https://via.placeholder.com/300x300?text=No+Image
6063,"Pregnancy Test, Test & Confirm","Quality pregnancy test, test & confirm - fresh grocery product",10.81,https://via.placeholder.com/300x300?text=No+Image
6116,Hazelnut Non-Dairy Coffee Creamer,Non-Dairy Coffee Creamer Hazelnut,14.54,https://images.openfoodfacts.org/images/products/007/874/233/3724/front_en.5.400.jpg
6413,Peppermint Foot Lotion,Quality peppermint foot lotion - fresh grocery product,6.08,https://via.placeholder.com/300x300?text=No+Image
6434,Grapefruit Scented Foaming Hand Soap,Quality grapefruit scented foaming hand soap - fresh grocery product,13.22,https://via.placeholder.com/300x300?text=No+Image
6451,Peanut Butter Pretzels,Peanut butter Pretzels,8.04,https://images.openfoodfacts.org/images/products/009/661/933/6753/front_en.100.400.jpg
6621,"Melatonin, 1 mg, Liquid","Quality melatonin, 1 mg, liquid - fresh grocery product",1.13,https://via.placeholder.com/300x300?text=No+Image
6785,Baking Soda Cream Cleaner Lemon Verbena,Quality baking soda cream cleaner lemon verbena - fresh grocery product,5.45,https://via.placeholder.com/300x300?text=No+Image
6847,"Magnesium Supplement, Raspberry-Lemon Flavor",Calm Raspberry-Lemon,13.02,https://images.openfoodfacts.org/images/products/018/340/504/3374/front_en.3.400.jpg
6960,Grenadine,Premium grenadine - high quality grocery product,10.05,https://images.openfoodfacts.org/images/products/611/124/210/0930/front_fr.36.400.jpg
7004,Recolte Wine,Recolte Rose Wine,7.18,https://via.placeholder.com/300x300?text=No+Image
7092,Melatonin NutraSpray Sublingual Orange Flavor,Quality melatonin nutraspray sublingual orange flavor - fresh grocery product,7.91,https://via.placeholder.com/300x300?text=No+Image
7232,Fresh Citrus Antibacterial Hand Soap Moisturizers,Quality fresh citrus antibacterial hand soap moisturizers - fresh grocery product,13.46,https://via.placeholder.com/300x300?text=No+Image
7233,Pleasure Pack Lubricated Ultra Fine Latex Condoms,Quality pleasure pack lubricated ultra fine latex condoms - fresh grocery product,13.04,https://via.placeholder.com/300x300?text=No+Image
7273,Yogurt Covered Almonds,Yogurt Covered Almonds,4.5,https://images.openfoodfacts.org/images/products/001/111/036/3428/front_en.4.400.jpg
7368,Top Shelf Margarita Mix,Quality top shelf margarita mix - fresh grocery product,3.25,https://via.placeholder.com/300x300?text=No+Image
7541,Almond Joy Mini Creamers,Quality almond joy mini creamers - fresh grocery product,11.65,https://via.placeholder.com/300x300?text=No+Image
7766,Extra Virgin Oil Olive,Huile d'olive vierge extra,2.17,https://images.openfoodfacts.org/images/products/405/648/914/1877/front_en.93.400.jpg
7807,Cinnamon Vanilla Creme Liquid Coffee Creamer,Quality cinnamon vanilla creme liquid coffee creamer - fresh grocery product,7.55,https://via.placeholder.com/300x300?text=No+Image
7817,DreamWalk Ultra Overnight Foot Cream,Quality dreamwalk ultra overnight foot cream - fresh grocery product,2.25,https://via.placeholder.com/300x300?text=No+Image
7871,ZeroMercury 357 Battery - 3 CT,Quality zeromercury 357 battery - 3 ct - fresh grocery product,14.64,https://via.placeholder.com/300x300?text=No+Image
8304,Hanging Moisture Absorber,Quality hanging moisture absorber - fresh grocery product,13.33,https://via.placeholder.com/300x300?text=No+Image
8328,Performax Intense Lubricated Ultra Fine Latex Condoms,Quality performax intense lubricated ultra fine latex condoms - fresh grocery product,10.37,https://via.placeholder.com/300x300?text=No+Image
8342,Pears D'Anjou Kid Size Fruit,Quality pears d'anjou kid size fruit - fresh grocery product,10.81,https://via.placeholder.com/300x300?text=No+Image
8455,Parsley Italian Dark Green Flat,Quality parsley italian dark green flat - fresh grocery product,13.32,https://via.placeholder.com/300x300?text=No+Image
8745,Beef London Broil,Presliced london broil roast beef,3.7,https://images.openfoodfacts.org/images/products/003/150/653/3143/front_en.3.400.jpg
8785,Ant Killer Liquid,Quality ant killer liquid - fresh grocery product,8.15,https://via.placeholder.com/300x300?text=No+Image
8839,"Kids Natural Calm Multivitamin, Fruity Splash Flavor","Quality kids natural calm multivitamin, fruity splash flavor - fresh grocery product",6.48,https://via.placeholder.com/300x300?text=No+Image
8960,Original Raw Tigernuts,Quality original raw tigernuts - fresh grocery product,5.8,https://via.placeholder.com/300x300?text=No+Image
9117,Personal Lubricant Natural Aloe,Quality personal lubricant natural aloe - fresh grocery product,8.77,https://via.placeholder.com/300x300?text=No+Image
9481,Original Diaper Rash Ointment & Skin Protectant,Quality original diaper rash ointment & skin protectant - fresh grocery product,9.03,https://via.placeholder.com/300x300?text=No+Image
9610,Ultra Thin Armor Spermicidal Lubricant Condoms,Quality ultra thin armor spermicidal lubricant condoms - fresh grocery product,10.75,https://via.placeholder.com/300x300?text=No+Image
9770,Sweep & Vac Floor Vacuum Starter Kit,Quality sweep & vac floor vacuum starter kit - fresh grocery product,3.41,https://via.placeholder.com/300x300?text=No+Image
9889,Dietary Supplement Tablets for Normal Sleep Patterns,Quality dietary supplement tablets for normal sleep patterns - fresh grocery product,13.33,https://via.placeholder.com/300x300?text=No+Image
10002,38210 Full Jaw Cuticle Nipper,Quality 38210 full jaw cuticle nipper - fresh grocery product,12.7,https://via.placeholder.com/300x300?text=No+Image
10072,"Hand Sanitizer, Advanced, Refreshing Gel","Quality hand sanitizer, advanced, refreshing gel - fresh grocery product",9.19,https://via.placeholder.com/300x300?text=No+Image
10147,Crystal Clear Decorative 60 Watt A Medium Base Ceiling Fan Light Bulb,Quality crystal clear decorative 60 watt a medium base ceiling fan light bulb - fresh grocery product,12.51,https://via.placeholder.com/300x300?text=No+Image
10217,Garden In A Can Cilantro 1 Each,Quality garden in a can cilantro 1 each - fresh grocery product,2.9,https://via.placeholder.com/300x300?text=No+Image
10524,Bold & Spicy Bloody Mary Mix,Bold & spicy bloody mary mix,8.46,https://images.openfoodfacts.org/images/products/086/287/500/0352/front_en.4.400.jpg
10567,Sanitizing Wipes,Quality sanitizing wipes - fresh grocery product,8.5,https://via.placeholder.com/300x300?text=No+Image
10579,Himalayan Pink Salt Liquid Hand Soap,Quality himalayan pink salt liquid hand soap - fresh grocery product,6.82,https://via.placeholder.com/300x300?text=No+Image
10742,Chocolate Bar,Organic 70% Dark Chocolate Bar,4.69,https://images.openfoodfacts.org/images/products/762/221/057/8464/front_en.29.400.jpg
10856,Cane Sugar Cocktail Simple Syrup,Quality cane sugar cocktail simple syrup - fresh grocery product,7.33,https://via.placeholder.com/300x300?text=No+Image
10910,Drysack Medium Sherry,Quality drysack medium sherry - fresh grocery product,4.52,https://via.placeholder.com/300x300?text=No+Image
11218,Whole Oregano,Oregano Whole,11.03,https://images.openfoodfacts.org/images/products/003/384/400/0097/front_en.3.400.jpg
11242,for Men Underwear Maximum Absorbency S/M,Quality for men underwear maximum absorbency s/m - fresh grocery product,9.03,https://via.placeholder.com/300x300?text=No+Image
11388,Organic Fine Ground Black Pepper,Organic Fine Ground Black Pepper,5.39,https://via.placeholder.com/300x300?text=No+Image
11394,Chamomile,Tisane pure camomille,7.33,https://images.openfoodfacts.org/images/products/611/106/900/4657/front_en.8.400.jpg
11490,Moderate Absorbency S/M for Women Underwear,Quality moderate absorbency s/m for women underwear - fresh grocery product,3.81,https://via.placeholder.com/300x300?text=No+Image
11511,Rapid Relief Creamy Diaper Rash Ointment,Quality rapid relief creamy diaper rash ointment - fresh grocery product,1.29,https://via.placeholder.com/300x300?text=No+Image
11537,Anti Bug Shake & Spray,Quality anti bug shake & spray - fresh grocery product,13.39,https://via.placeholder.com/300x300?text=No+Image
11897,Gripe Water,Woodwards - Gripe Water,12.3,https://images.openfoodfacts.org/images/products/501/250/997/8280/front_fr.4.400.jpg
11903,Beef Chuck Roast,Beef Chuck 7-Bone Pot Roast,3.85,https://images.openfoodfacts.org/images/products/020/105/342/2959/front_en.6.400.jpg
12040,Quick Dry White Correction Fluid,Quality quick dry white correction fluid - fresh grocery product,9.27,https://via.placeholder.com/300x300?text=No+Image
12093,Rubber Bands,Rubber bands,13.81,https://via.placeholder.com/300x300?text=No+Image
12166,Sensitivity Pack Lubricated Condoms,Quality sensitivity pack lubricated condoms - fresh grocery product,2.38,https://via.placeholder.com/300x300?text=No+Image
12181,3mg Melatonin Dietary Supplement Tablets - 240 CT,Quality 3mg melatonin dietary supplement tablets - 240 ct - fresh grocery product,9.59,https://via.placeholder.com/300x300?text=No+Image
12275,Baby Vitamin C tablets,Quality baby vitamin c tablets - fresh grocery product,2.79,https://via.placeholder.com/300x300?text=No+Image
12412,Organic Coco Whip,Quality organic coco whip - fresh grocery product,7.77,https://via.placeholder.com/300x300?text=No+Image
12446,Wasp & Hornet Killer,Quality wasp & hornet killer - fresh grocery product,8.8,https://via.placeholder.com/300x300?text=No+Image
12684,Organic Fruity Hearts,Organic Fruity Hearts,11.41,https://via.placeholder.com/300x300?text=No+Image
12773,Original Non-Dairy Creamer,Original non-dairy coffee creamer,3.82,https://images.openfoodfacts.org/images/products/001/111/001/1619/front_en.17.400.jpg
12903,Filberts,Salt crust peanuts,11.45,https://images.openfoodfacts.org/images/products/506/014/505/0051/front_en.22.400.jpg
12942,Classic Lime Margarita,Classic lime the original margarita mix,4.06,https://via.placeholder.com/300x300?text=No+Image
12958,BabyRub® Soothing Ointment,Quality babyrub® soothing ointment - fresh grocery product,9.92,https://via.placeholder.com/300x300?text=No+Image
13103,Boneless Beef Top Round Steak,Top Round Steak Boneless,7.57,https://via.placeholder.com/300x300?text=No+Image
13290,Compact Emeryl File,Quality compact emeryl file - fresh grocery product,12.69,https://via.placeholder.com/300x300?text=No+Image
13298,Deep Sleep,Deep Sleep Body Cocoon,6.35,https://via.placeholder.com/300x300?text=No+Image
13475,Coconut Almond Granola,"No Added Sugar Granola Coconut, Cashew & Almond",9.97,https://images.openfoodfacts.org/images/products/405/648/943/8564/front_en.3.400.jpg
13608,Oral Electrolyte Powder Assorted Flavors,Quality oral electrolyte powder assorted flavors - fresh grocery product,12.1,https://via.placeholder.com/300x300?text=No+Image
13739,Healing Baby Diaper Rash Cream,Quality healing baby diaper rash cream - fresh grocery product,4.14,https://via.placeholder.com/300x300?text=No+Image
13842,Sweetened Lime Juice,Fruktdryck utan kolsyra med smak av jordgubbe & lime,3.58,https://images.openfoodfacts.org/images/products/731/007/000/0279/front_sv.4.400.jpg
13862,Maximum Absorbency XL for Women Underwear,Quality maximum absorbency xl for women underwear - fresh grocery product,10.98,https://via.placeholder.com/300x300?text=No+Image
13875,Simply Sleep Nighttime Sleep Aid,Quality simply sleep nighttime sleep aid - fresh grocery product,14.92,https://via.placeholder.com/300x300?text=No+Image
13896,Heel Balm,Sanctuary Spa,7.12,https://via.placeholder.com/300x300?text=No+Image
13972,"Tulsi Cleanse, Caffeine Free, Infusion Bags","Quality tulsi cleanse, caffeine free, infusion bags - fresh grocery product",10.23,https://via.placeholder.com/300x300?text=No+Image
14015,"Grape Leaves, in Vinegar Brine","Krinos, grape leaves in vinegar brine",2.01,https://via.placeholder.com/300x300?text=No+Image
14076,Lavender & Chamomile Hand Soap,Quality lavender & chamomile hand soap - fresh grocery product,14.61,https://via.placeholder.com/300x300?text=No+Image
14078,Aromatic Bitters,Angostura  - aromatic bitters,6.5,https://images.openfoodfacts.org/images/products/007/549/600/2005/front_en.32.400.jpg
14116,Ground Rosemary,Premium ground rosemary - high quality grocery product,10.24,https://images.openfoodfacts.org/images/products/848/000/034/1754/front_es.17.400.jpg
14185,Maximum Strength Zinc Oxide Diaper Rash Paste,Quality maximum strength zinc oxide diaper rash paste - fresh grocery product,5.8,https://via.placeholder.com/300x300?text=No+Image
14224,First Cleanse 2 Week Program,Quality first cleanse 2 week program - fresh grocery product,7.15,https://via.placeholder.com/300x300?text=No+Image
14248,Spring Water Refill Liquid Hand Soap,"Dial Antibacterial Liquid Hand Soap Refill, Spring Water 1.53L ., Dial Hand Soap Refill",13.06,https://images.openfoodfacts.org/images/products/001/700/030/8982/front_en.9.400.jpg
14367,Cloves,Garlic Cloves in Sunflower Oil,10.34,https://images.openfoodfacts.org/images/products/405/648/922/3146/front_en.33.400.jpg
14568,Melatonin 2.5 Mg Peppermint Flavored Sublingual Tablets,Quality melatonin 2.5 mg peppermint flavored sublingual tablets - fresh grocery product,2.19,https://via.placeholder.com/300x300?text=No+Image
14610,Organic Whole Wheat Couscous,Organic Whole Wheat Couscous,4.84,https://images.openfoodfacts.org/images/products/007/203/676/3921/front_en.5.400.jpg
14626,Organic Cherry/Watermelon Fruity Hearts Treat Packs,Quality organic cherry/watermelon fruity hearts treat packs - fresh grocery product,13.01,https://via.placeholder.com/300x300?text=No+Image
14692,Organic Tea Tree Oil,Johnny slicks,2.73,https://images.openfoodfacts.org/images/products/000/000/081/6793/front_en.3.400.jpg
14749,Snoozeberry Sleep & Relaxation Shot,Quality snoozeberry sleep & relaxation shot - fresh grocery product,5.69,https://via.placeholder.com/300x300?text=No+Image
14762,Natural Stress Relief,Natural stress relief for pets,4.48,https://images.openfoodfacts.org/images/products/074/127/301/5000/front_en.3.400.jpg
14818,PM Simply Sleep Nighttime Sleep Aid Caplets,Quality pm simply sleep nighttime sleep aid caplets - fresh grocery product,5.56,https://via.placeholder.com/300x300?text=No+Image
14831,Organic Vitamin D3 400 IU Drops For Babies & Infants Natural Berry Flavor,Quality organic vitamin d3 400 iu drops for babies & infants natural berry flavor - fresh grocery product,12.6,https://via.placeholder.com/300x300?text=No+Image
14991,Organic Sushi Rice,Organic Sushi Rice,1.7,https://images.openfoodfacts.org/images/products/502/155/498/6362/front_fr.4.400.jpg
15027,Cuticle Rehab,Quality cuticle rehab - fresh grocery product,13.13,https://via.placeholder.com/300x300?text=No+Image
15033,Summer Red Spritzer,Barefoot Spritzer (summer red),14.42,https://images.openfoodfacts.org/images/products/008/500/002/3877/front_en.3.400.jpg
15099,Pure Ecstasy Ultrasmooth  Lubricant Condoms,Quality pure ecstasy ultrasmooth  lubricant condoms - fresh grocery product,6.6,https://via.placeholder.com/300x300?text=No+Image
15111,Exfoliating Hydro Gloves,Quality exfoliating hydro gloves - fresh grocery product,8.41,https://via.placeholder.com/300x300?text=No+Image
15137,Facial Tissues with Lotion,Quality facial tissues with lotion - fresh grocery product,4.32,https://via.placeholder.com/300x300?text=No+Image
15166,Deep Woods Insect Repellent VII,Quality deep woods insect repellent vii - fresh grocery product,8.66,https://via.placeholder.com/300x300?text=No+Image
15212,Wellness Herbal Kids Tincture,Quality wellness herbal kids tincture - fresh grocery product,2.44,https://via.placeholder.com/300x300?text=No+Image
15229,Dry Roasted No Salt Almonds,Organic Dry Roasted Almonds No Salt,7.51,https://via.placeholder.com/300x300?text=No+Image
15385,Ovulation & Pregnancy Ovulation Test Kit,Quality ovulation & pregnancy ovulation test kit - fresh grocery product,8.25,https://via.placeholder.com/300x300?text=No+Image
15440,Peaceful Sleep Oil Blend,Peaceful Sleep Oil Blend,4.52,https://via.placeholder.com/300x300?text=No+Image
15551,Kiwifruit,Premium kiwifruit - high quality grocery product,13.92,https://images.openfoodfacts.org/images/products/405/648/927/5947/front_en.3.400.jpg
15628,Ultragel Personal Lubricant,Quality ultragel personal lubricant - fresh grocery product,11.27,https://via.placeholder.com/300x300?text=No+Image
15670,Garlic Extra Virgin Olive Oil,Roasted Garlic & Extra Virgin Olive Oil Flatbread,2.37,https://images.openfoodfacts.org/images/products/000/000/178/0284/front_en.15.400.jpg
15745,Plain Salt,Premium plain salt - high quality grocery product,3.84,https://images.openfoodfacts.org/images/products/000/001/051/7905/front_en.32.400.jpg
15807,Original Blue Painter's Tape,Quality original blue painter's tape - fresh grocery product,2.99,https://via.placeholder.com/300x300?text=No+Image
16048,Deluxe Nut Mix,"Alesto,DELUXE,LIDL",7.06,https://images.openfoodfacts.org/images/products/000/002/035/3025/front_fr.43.400.jpg
16161,SystemSupport Liver Cleanse Capsules,Quality systemsupport liver cleanse capsules - fresh grocery product,2.89,https://via.placeholder.com/300x300?text=No+Image
16267,Extra Strength Instant Relief for Teething Pain Daytime & Nighttime,Quality extra strength instant relief for teething pain daytime & nighttime - fresh grocery product,5.53,https://via.placeholder.com/300x300?text=No+Image
16496,Rhodiola Rosea,Rhodiola Rosea,10.3,https://images.openfoodfacts.org/images/products/560/039/730/4047/front_es.3.400.jpg
16583,Regular Nail Polish Remover,Quality regular nail polish remover - fresh grocery product,4.26,https://via.placeholder.com/300x300?text=No+Image
16707,Butt Paste Original Diaper Rash Ointment,Quality butt paste original diaper rash ointment - fresh grocery product,4.46,https://via.placeholder.com/300x300?text=No+Image
16776,Crushed Chili,Crushed Chillies,6.07,https://images.openfoodfacts.org/images/products/000/000/022/4802/front_en.3.400.jpg
16928,PM Pain Reliever and Nighttime Sleep Aid Caplets,Quality pm pain reliever and nighttime sleep aid caplets - fresh grocery product,12.57,https://via.placeholder.com/300x300?text=No+Image
17049,Teething Gel,BABY Organic Teething Gel,11.35,https://via.placeholder.com/300x300?text=No+Image
17107,Perfect Food Alkalize & Detoxifier RAW Organic Green Super Food,Quality perfect food alkalize & detoxifier raw organic green super food - fresh grocery product,6.45,https://via.placeholder.com/300x300?text=No+Image
17110,Original Liquid Coffee Creamer,Quality original liquid coffee creamer - fresh grocery product,2.76,https://via.placeholder.com/300x300?text=No+Image
17259,Advanced Refreshing Gel,Quality advanced refreshing gel - fresh grocery product,12.2,https://via.placeholder.com/300x300?text=No+Image
17277,CleanseMore Natural Laxative Formula Vegetable Capsules,Quality cleansemore natural laxative formula vegetable capsules - fresh grocery product,8.63,https://via.placeholder.com/300x300?text=No+Image
17345,Original Salad Cream,Salad Cream Original,3.84,https://images.openfoodfacts.org/images/products/500/015/707/5154/front_en.24.400.jpg
17430,Early Pregnancy Test,Advanced Early Result Pregnancy Test,11.82,https://via.placeholder.com/300x300?text=No+Image
17467,All Purpose Flour Blend,All Purpose Wheat Flour  And Red Grape Seed Flour Blend,7.17,https://via.placeholder.com/300x300?text=No+Image
17523,Nasal Aspirator,Quality nasal aspirator - fresh grocery product,8.53,https://via.placeholder.com/300x300?text=No+Image
17590,Peppermint Essential Oil,Peppermint essential oil,7.42,https://images.openfoodfacts.org/images/products/005/138/191/1324/front_en.3.400.jpg
17625,"Detoxificant, No. 7","Quality detoxificant, no. 7 - fresh grocery product",10.02,https://via.placeholder.com/300x300?text=No+Image
17718,Bin No. 27 Finest Reserve Porto,Quality bin no. 27 finest reserve porto - fresh grocery product,8.33,https://via.placeholder.com/300x300?text=No+Image
17822,Organic Whole Green Cardamom Pods,Quality organic whole green cardamom pods - fresh grocery product,4.5,https://via.placeholder.com/300x300?text=No+Image
17970,Omega 3 + DHA Fruit Flavored Gummy Bears,Quality omega 3 + dha fruit flavored gummy bears - fresh grocery product,9.69,https://via.placeholder.com/300x300?text=No+Image
18001,Dried Porcini Mushroom,"U,U Saveurs",8.44,https://images.openfoodfacts.org/images/products/336/895/734/8949/front_fr.58.400.jpg
18152,Liquid Teething Relief,Quality liquid teething relief - fresh grocery product,7.82,https://via.placeholder.com/300x300?text=No+Image
18182,Margarita Simple Cocktail Mixer,Quality margarita simple cocktail mixer - fresh grocery product,1.36,https://via.placeholder.com/300x300?text=No+Image
18194,Liquid Melatonin Natural Black Cherry Flavor,Quality liquid melatonin natural black cherry flavor - fresh grocery product,7.48,https://via.placeholder.com/300x300?text=No+Image
18255,Brightening Hydro Serum Facial Mask,Quality brightening hydro serum facial mask - fresh grocery product,10.01,https://via.placeholder.com/300x300?text=No+Image
18442,ENZ Armor Spermicidal Lubricant Latex Condoms,Quality enz armor spermicidal lubricant latex condoms - fresh grocery product,3.93,https://via.placeholder.com/300x300?text=No+Image
18559,Safety Swabs Cotton Products,Quality safety swabs cotton products - fresh grocery product,1.36,https://via.placeholder.com/300x300?text=No+Image
18652,"Pain Relief, Tablets",Rapid Pain Relief 342mg Tablets,6.28,https://via.placeholder.com/300x300?text=No+Image
18732,Melatonin 3 mg Tablets,"Natrol Melatonin 5 MG, 250 Fast Dissolve Tablets",7.67,https://via.placeholder.com/300x300?text=No+Image
18738,Thintensity Ultrasmooth Lubricant Condoms,Quality thintensity ultrasmooth lubricant condoms - fresh grocery product,5.19,https://via.placeholder.com/300x300?text=No+Image
18808,Vinho Verde Rose,youthful and fresh wine with a touch of sparkle and lovely hints of red fruit.,7.52,https://images.openfoodfacts.org/images/products/560/101/201/1500/front_pt.48.400.jpg
18809,Pediatric Electrolyte Fruit Flavor Natural & Artificial Flavor,Quality pediatric electrolyte fruit flavor natural & artificial flavor - fresh grocery product,1.04,https://via.placeholder.com/300x300?text=No+Image
19103,Active Insect Repellant Aerosol,Quality active insect repellant aerosol - fresh grocery product,3.28,https://via.placeholder.com/300x300?text=No+Image
19109,Antifungal Clotrimazole Cream,Quality antifungal clotrimazole cream - fresh grocery product,14.87,https://via.placeholder.com/300x300?text=No+Image
19159,Pleasure Pack Lubricated Premium Latex Condoms,Quality pleasure pack lubricated premium latex condoms - fresh grocery product,5.85,https://via.placeholder.com/300x300?text=No+Image
19194,Gold AA Alkaline Batteries,Quality gold aa alkaline batteries - fresh grocery product,13.51,https://via.placeholder.com/300x300?text=No+Image
19335,Wood Clothespins,Quality wood clothespins - fresh grocery product,9.76,https://via.placeholder.com/300x300?text=No+Image
19399,Organic Semi Sweet Chocolate Chips,Organic semi - sweet chocolate chips,4.49,https://via.placeholder.com/300x300?text=No+Image
19430,Rye Flour,crispy rye bread,6.32,https://images.openfoodfacts.org/images/products/730/040/011/8101/front_en.112.400.jpg
19463,Classic Margarita Mix,Classic lime the original margarita mix,5.13,https://via.placeholder.com/300x300?text=No+Image
19769,Zero Calorie Tonic Water,Zero Calorie Soda - Tonic Water Naturally Flavored,11.36,https://via.placeholder.com/300x300?text=No+Image
19774,Maximum Absorbency L for Women  Underwear,Quality maximum absorbency l for women  underwear - fresh grocery product,3.52,https://via.placeholder.com/300x300?text=No+Image
19869,Sniffle Support Drops Alcohol Free Formula,Quality sniffle support drops alcohol free formula - fresh grocery product,12.5,https://via.placeholder.com/300x300?text=No+Image
20047,Premium Lubricant Condoms ENZ,Quality premium lubricant condoms enz - fresh grocery product,13.88,https://via.placeholder.com/300x300?text=No+Image
20066,Candle Lighter,Quality candle lighter - fresh grocery product,11.4,https://via.placeholder.com/300x300?text=No+Image
20187,Organic Bowel Cleanse,Quality organic bowel cleanse - fresh grocery product,6.84,https://via.placeholder.com/300x300?text=No+Image
20228,Rescue Sleep,Rescue sleep dropper,3.6,https://images.openfoodfacts.org/images/products/500/048/810/4325/front_en.3.400.jpg
20270,Seabreeze Salad,Seabreeze Seaweed salad,7.54,https://images.openfoodfacts.org/images/products/002/301/200/2602/front_en.3.400.jpg
20351,Turmeric Ginger Tea Organic,Organic Turmeric With Meadowsweet & Ginger Herbal Tea,6.12,https://images.openfoodfacts.org/images/products/003/291/700/2563/front_en.3.400.jpg
20402,Liquid Personal Lubricant and Moisturizer,Quality liquid personal lubricant and moisturizer - fresh grocery product,2.36,https://via.placeholder.com/300x300?text=No+Image
20406,Roasted Unsalted Almonds,Dry Roasted Unsalted Almonds,14.27,https://images.openfoodfacts.org/images/products/000/000/011/1492/front_en.10.400.jpg
20441,Organic Coconut Almond Granola,"Organic Granola, Coconut Almond",11.87,https://via.placeholder.com/300x300?text=No+Image
20510,Baby Tummy Gripe Water Dietary Supplement,Quality baby tummy gripe water dietary supplement - fresh grocery product,3.84,https://via.placeholder.com/300x300?text=No+Image
20533,Good Glide Personal Lubricant With Aloe Vera,Quality good glide personal lubricant with aloe vera - fresh grocery product,3.94,https://via.placeholder.com/300x300?text=No+Image
20572,Cherry Flavor Natural Calm Anti-Stress Drink,Quality cherry flavor natural calm anti-stress drink - fresh grocery product,6.36,https://via.placeholder.com/300x300?text=No+Image
20599,Unsalted Roasted Cashews,Roasted & Unsalted Whole Cashews,4.03,https://images.openfoodfacts.org/images/products/000/000/037/8857/front_en.26.400.jpg
20716,Rescue Remedy for Kids,Quality rescue remedy for kids - fresh grocery product,14.18,https://via.placeholder.com/300x300?text=No+Image
20746,White Tea & Berry Fusion Antibacterial Hand Soap Moisturizers,Quality white tea & berry fusion antibacterial hand soap moisturizers - fresh grocery product,10.84,https://via.placeholder.com/300x300?text=No+Image
20819,White Gorilla Glue Pen,Quality white gorilla glue pen - fresh grocery product,7.53,https://via.placeholder.com/300x300?text=No+Image
20829,Floral Arrangement,Quality floral arrangement - fresh grocery product,8.79,https://via.placeholder.com/300x300?text=No+Image
20897,Milk Chocolate Coconut Bar,Moist tender coconut covered in thick milk chocolate,6.21,https://images.openfoodfacts.org/images/products/000/004/011/1216/front_en.222.400.jpg
20962,Toe Nail Clip,Quality toe nail clip - fresh grocery product,4.34,https://via.placeholder.com/300x300?text=No+Image
21046,Ten Year Old Tawny Porto,Quality ten year old tawny porto - fresh grocery product,13.68,https://via.placeholder.com/300x300?text=No+Image
21094,"Plastic Bubble Mailer 6\"" x 9.25\""","Quality plastic bubble mailer 6\"" x 9.25\"" - fresh grocery product",3.35,https://via.placeholder.com/300x300?text=No+Image
21221,Authentic Margaritas Classic Lime,Quality authentic margaritas classic lime - fresh grocery product,14.23,https://via.placeholder.com/300x300?text=No+Image
21234,Almost Naked Personal Lubricant,Quality almost naked personal lubricant - fresh grocery product,8.06,https://via.placeholder.com/300x300?text=No+Image
21365,Peppermint Foot Scrub,Quality peppermint foot scrub - fresh grocery product,4.76,https://via.placeholder.com/300x300?text=No+Image
21504,Organic Supreme Fruit & Nut Mix,"Supreme, fruit and nut mix organic",10.36,https://images.openfoodfacts.org/images/products/000/008/136/0550/front_en.3.400.jpg
21581,Doc McStuffins Adhesive Bandages,Quality doc mcstuffins adhesive bandages - fresh grocery product,8.14,https://via.placeholder.com/300x300?text=No+Image
21644,Ground Oregano,Premium ground oregano - high quality grocery product,5.76,https://images.openfoodfacts.org/images/products/405/648/941/6685/front_en.31.400.jpg
21651,The World's Best Pencil #2,Quality the world's best pencil #2 - fresh grocery product,3.76,https://via.placeholder.com/300x300?text=No+Image
21677,Baby Powder,Croissance réduit en sucre,3.44,https://images.openfoodfacts.org/images/products/611/124/210/3528/front_fr.56.400.jpg
21790,Rhodiola Rosea Vegetarian Liquid Phyto-Caps,Quality rhodiola rosea vegetarian liquid phyto-caps - fresh grocery product,9.16,https://via.placeholder.com/300x300?text=No+Image
21865,Carob Spirulina Energy Chunks,Chunks Energy Carob Spirulina,1.48,https://images.openfoodfacts.org/images/products/000/008/054/1127/front_en.7.400.jpg
21867,Wild Bird Food,Oven Bake Lightly Battered Wild Caught Fish Fillets,10.82,https://images.openfoodfacts.org/images/products/931/008/141/4698/front_en.18.400.jpg
21870,Sambucus Nighttime Standardized Elderberry,Quality sambucus nighttime standardized elderberry - fresh grocery product,3.62,https://via.placeholder.com/300x300?text=No+Image
21965,Quinoa Flour,"Pain spécial tranché à la farine de blé et de maïs, graines de tournesol et quinoa",10.39,https://images.openfoodfacts.org/images/products/376/004/979/8821/front_fr.33.400.jpg
22072,Coco Re'al Real Gourmet Cream of Coconut,Quality coco re'al real gourmet cream of coconut - fresh grocery product,6.16,https://via.placeholder.com/300x300?text=No+Image
22157,Infants' Ibuprofen 50mg White Grape Flavored Concentrated Drops Fever Reducer/Pain Reliever,Quality infants' ibuprofen 50mg white grape flavored concentrated drops fever reducer/pain reliever - fresh grocery product,4.07,https://via.placeholder.com/300x300?text=No+Image
22383,Organic Raw Pumpkin Seeds,Organic Sprouted Pumpkin Seeds,8.6,https://images.openfoodfacts.org/images/products/081/003/230/0463/front_en.74.400.jpg
22396,Digital Pregnancy Test,Quality digital pregnancy test - fresh grocery product,4.64,https://via.placeholder.com/300x300?text=No+Image
22397,Anti-Stress Drink Assorted Flavor Packets,Quality anti-stress drink assorted flavor packets - fresh grocery product,5.44,https://via.placeholder.com/300x300?text=No+Image
22488,Arugula Rocket Salad,"Arugula Wild Rocket Salad, Roquette",14.11,https://via.placeholder.com/300x300?text=No+Image
22567,Original Pickle,Cornichons au vinaigre.,11.46,https://images.openfoodfacts.org/images/products/871/256/624/6526/front_fr.116.400.jpg
22605,Personal Lubricant,Quality personal lubricant - fresh grocery product,13.02,https://via.placeholder.com/300x300?text=No+Image
23186,Naturals Flushable Moist Wipes Tush Wipes,Quality naturals flushable moist wipes tush wipes - fresh grocery product,2.39,https://via.placeholder.com/300x300?text=No+Image
23303,Inari,"Shiitake mushroom, pepper and lettuce rolls. Pickled carrot, cucumber and red pepper rolls. Pickled red cabbage, yellow pepper and rocket rolls. Inari Nigiri. Cucumber hosomaki. Crispy onions, soy sau",13.73,https://images.openfoodfacts.org/images/products/503/527/214/5024/front_en.17.400.jpg
23467,Platinum Premium Lubricant,Quality platinum premium lubricant - fresh grocery product,10.85,https://via.placeholder.com/300x300?text=No+Image
23477,Antibacterial Liquid Hand Soap Fresh Citrus,Quality antibacterial liquid hand soap fresh citrus - fresh grocery product,14.11,https://via.placeholder.com/300x300?text=No+Image
23553,Calcium Citrate Magnesium Plus,Quality calcium citrate magnesium plus - fresh grocery product,6.55,https://via.placeholder.com/300x300?text=No+Image
23690,Paleo Magazine,Quality paleo magazine - fresh grocery product,7.93,https://via.placeholder.com/300x300?text=No+Image
23859,Falafel,"Falafels made with chickpeas, onion and coriander",2.02,https://images.openfoodfacts.org/images/products/501/368/330/5589/front_en.83.400.jpg
24095,Massage & Play 2 in 1 Soothing Touch Massage & Intimate Pleasure Gel,Quality massage & play 2 in 1 soothing touch massage & intimate pleasure gel - fresh grocery product,1.61,https://via.placeholder.com/300x300?text=No+Image
24230,Kick It Immune For Kids Drops,Quality kick it immune for kids drops - fresh grocery product,2.41,https://via.placeholder.com/300x300?text=No+Image
24261,Nighttime Sleep Aid Caplets,Quality nighttime sleep aid caplets - fresh grocery product,6.63,https://via.placeholder.com/300x300?text=No+Image
24316,Raw Walnuts,Raw California Walnut Halves & Pieces,12.37,https://images.openfoodfacts.org/images/products/000/000/094/3338/front_en.9.400.jpg
24437,Baby Eczema Therapy Soothing Bath Treatment,Quality baby eczema therapy soothing bath treatment - fresh grocery product,1.41,https://via.placeholder.com/300x300?text=No+Image
24456,Sweets Organic Lollipops,"Organic Vitamin C Pops Pom, Watermelon, Strawby, Grape, Cherry, Peach, Raspby, Mango",9.54,https://images.openfoodfacts.org/images/products/081/016/501/1953/front_en.24.400.jpg
24512,"Condoms, Premium Latex, Ultra Thin, Premium Lubricant","Quality condoms, premium latex, ultra thin, premium lubricant - fresh grocery product",7.59,https://via.placeholder.com/300x300?text=No+Image
24565,Miconazole Nitrate Powder Spray Antifungal,Quality miconazole nitrate powder spray antifungal - fresh grocery product,8.72,https://via.placeholder.com/300x300?text=No+Image
24599,Psychic Detox Magickal Mineral Bath Salts,Quality psychic detox magickal mineral bath salts - fresh grocery product,8.14,https://via.placeholder.com/300x300?text=No+Image
24603,California Blush Pink Champagne,Quality california blush pink champagne - fresh grocery product,12.85,https://via.placeholder.com/300x300?text=No+Image
24666,Cherry Flavor Teething & Oral Pain Relief Gel,Quality cherry flavor teething & oral pain relief gel - fresh grocery product,5.72,https://via.placeholder.com/300x300?text=No+Image
24871,Pina Colada Mix,Pina colada mix,12.83,https://images.openfoodfacts.org/images/products/007/065/596/0301/front_fr.4.400.jpg
24897,Rose Wine,youthful and fresh wine with a touch of sparkle and lovely hints of red fruit.,4.29,https://images.openfoodfacts.org/images/products/560/101/201/1500/front_pt.48.400.jpg
24996,White Zinfandel,White Zinfandel,12.25,https://images.openfoodfacts.org/images/products/506/007/818/3741/front_en.3.400.jpg
25042,Organic Insect Repellent Fresh Natural Scent,Quality organic insect repellent fresh natural scent - fresh grocery product,5.98,https://via.placeholder.com/300x300?text=No+Image
25127,Swisspers Triple Size Cotton Balls,Quality swisspers triple size cotton balls - fresh grocery product,11.37,https://via.placeholder.com/300x300?text=No+Image
25255,"Super Glue, All Purpose, Brush","Quality super glue, all purpose, brush - fresh grocery product",8.06,https://via.placeholder.com/300x300?text=No+Image
25515,Stella Pink Semi-Sweet,Quality stella pink semi-sweet - fresh grocery product,2.88,https://via.placeholder.com/300x300?text=No+Image
25554,Creamer,Coffee Mate,3.07,https://images.openfoodfacts.org/images/products/844/529/085/6296/front_en.3.400.jpg
25780,"Grape Wine, Coteaux Varois en Provence, 2013","Quality grape wine, coteaux varois en provence, 2013 - fresh grocery product",9.73,https://via.placeholder.com/300x300?text=No+Image
25802,Pierogi Potato & Cheese,Potato & Cheese Periogis,4.91,https://images.openfoodfacts.org/images/products/070/948/100/0232/front_en.3.400.jpg
25887,"Daffodils, 10\""","Quality daffodils, 10\"" - fresh grocery product",10.21,https://via.placeholder.com/300x300?text=No+Image
25924,Premium Lubricant Condoms Enz,Quality premium lubricant condoms enz - fresh grocery product,13.82,https://via.placeholder.com/300x300?text=No+Image
26001,ZZZQuil Vanilla Cherry Nighttime Liquid Sleep Aid,Quality zzzquil vanilla cherry nighttime liquid sleep aid - fresh grocery product,12.45,https://via.placeholder.com/300x300?text=No+Image
26167,UltraGel Personal Lubricant,Quality ultragel personal lubricant - fresh grocery product,10.11,https://via.placeholder.com/300x300?text=No+Image
26398,Moderate Absorbency Long Length Incontinence Pads,Quality moderate absorbency long length incontinence pads - fresh grocery product,9.61,https://via.placeholder.com/300x300?text=No+Image
26423,Kitchen Bug Killer 2 Botanical,Quality kitchen bug killer 2 botanical - fresh grocery product,11.49,https://via.placeholder.com/300x300?text=No+Image
26515,Baby Eczema Relief Body Creme,Quality baby eczema relief body creme - fresh grocery product,7.93,https://via.placeholder.com/300x300?text=No+Image
26659,Tahini Sesame Paste,Natural Tahini,8.43,https://images.openfoodfacts.org/images/products/501/033/830/0876/front_en.9.400.jpg
26756,Light CocoWhip! Coconut Whipped Topping,CocoWhip Coconut Whipped Topping Light,5.92,https://images.openfoodfacts.org/images/products/074/447/389/9999/front_en.9.400.jpg
27015,Skinny Margarita,Skinny on the rocks margarita,5.01,https://via.placeholder.com/300x300?text=No+Image
27043,Ultra Thin Condoms,Quality ultra thin condoms - fresh grocery product,5.42,https://via.placeholder.com/300x300?text=No+Image
27047,Bloody Mary Cocktail Mix,Tomato cocktail bloody mary mix,15.0,https://via.placeholder.com/300x300?text=No+Image
27128,Margaritas Strawberry Lime,Uno Mas Margarita Strawberry Lime,14.52,https://images.openfoodfacts.org/images/products/008/310/397/1033/front_es.18.400.jpg
27168,Lighters,Lurpak Lighter,4.46,https://images.openfoodfacts.org/images/products/574/090/040/4540/front_en.28.400.jpg
27195,Delicious Blush,beetroot blush,8.52,https://images.openfoodfacts.org/images/products/539/151/958/1407/front_en.3.400.jpg
27301,Deep Sleep Herbal Medicine Softgels,Quality deep sleep herbal medicine softgels - fresh grocery product,7.1,https://via.placeholder.com/300x300?text=No+Image
27371,Margarita Salt,"Collins, Green Margarita Salt",7.61,https://via.placeholder.com/300x300?text=No+Image
27427,Natural Sleep Aid,Quality natural sleep aid - fresh grocery product,11.96,https://via.placeholder.com/300x300?text=No+Image
27515,"Mixer, Margarita",Margarita Mixer,10.52,https://images.openfoodfacts.org/images/products/007/049/121/2725/front_en.5.400.jpg
27680,Drug Free Sleep Aid Tablets,Quality drug free sleep aid tablets - fresh grocery product,12.74,https://via.placeholder.com/300x300?text=No+Image
27699,Everyone Relax Essential Oils Blend,Quality everyone relax essential oils blend - fresh grocery product,3.91,https://via.placeholder.com/300x300?text=No+Image
27788,L-Theanine  Vegetarian Capsules,Quality l-theanine  vegetarian capsules - fresh grocery product,13.12,https://via.placeholder.com/300x300?text=No+Image
27822,Masala Chai,Masala Chai,1.37,https://images.openfoodfacts.org/images/products/000/002/936/8228/front_en.3.400.jpg
27916,"Melatonin, 3 mg, Tablets","Natrol Melatonin 5 MG, 250 Fast Dissolve Tablets",9.37,https://via.placeholder.com/300x300?text=No+Image
27936,The Original Margarita Mix,Classic lime the original margarita mix,4.61,https://via.placeholder.com/300x300?text=No+Image
28013,Zero Calories Apple Sparkling Beverage,Quality zero calories apple sparkling beverage - fresh grocery product,1.82,https://via.placeholder.com/300x300?text=No+Image
28070,Gourmet Bloody Mary Mix,Spicy Ghost Pepper Bloody Mary Mix,7.68,https://via.placeholder.com/300x300?text=No+Image
28072,Dark Chocolate Malt Balls,"Lunds & byerlys, dark chocolate malt balls",10.07,https://via.placeholder.com/300x300?text=No+Image
28119,Wipe Fresh Pet Wipes,Quality wipe fresh pet wipes - fresh grocery product,11.5,https://via.placeholder.com/300x300?text=No+Image
28294,Candles Birthday White,Quality candles birthday white - fresh grocery product,5.91,https://via.placeholder.com/300x300?text=No+Image
28445,Baby Move Prune Concentrate with Prebiotics,Quality baby move prune concentrate with prebiotics - fresh grocery product,1.05,https://via.placeholder.com/300x300?text=No+Image
28522,Coconut Flour,Coco rallado,9.96,https://images.openfoodfacts.org/images/products/848/000/034/0351/front_en.25.400.jpg
28563,Melatonin 1 mg Tablets,"Natrol Melatonin 5 MG, 250 Fast Dissolve Tablets",14.37,https://via.placeholder.com/300x300?text=No+Image
28588,Light Margarita,Light Margarita Mix,5.11,https://via.placeholder.com/300x300?text=No+Image
28660,Silhouette for Women S/M Briefs,Quality silhouette for women s/m briefs - fresh grocery product,12.47,https://via.placeholder.com/300x300?text=No+Image
28664,Organic Biologique Kokuho Rose Medium Grain Heirloom White Rice,Quality organic biologique kokuho rose medium grain heirloom white rice - fresh grocery product,14.74,https://via.placeholder.com/300x300?text=No+Image
28705,100% Pure Tea Tree Oil,"Essential Oils 100% Organic & Pure Starter Kit (Lavender, Peppermint, Lemon, Tea Tree)",6.63,https://via.placeholder.com/300x300?text=No+Image
28777,Soft Peach S-M Underwear for Women Maximum Absorbency,Quality soft peach s-m underwear for women maximum absorbency - fresh grocery product,6.8,https://via.placeholder.com/300x300?text=No+Image
28806,"Natural Calm, Sweet Lemon Flavor","Quality natural calm, sweet lemon flavor - fresh grocery product",5.06,https://via.placeholder.com/300x300?text=No+Image
28984,Baby's Jarro-Dophilus +FOS Powder Probiotic Supplement,Quality baby's jarro-dophilus +fos powder probiotic supplement - fresh grocery product,4.33,https://via.placeholder.com/300x300?text=No+Image
29109,H2O Closer Personal Lubricant,Quality h2o closer personal lubricant - fresh grocery product,2.47,https://via.placeholder.com/300x300?text=No+Image
29351,Expert Shapers For Hard Nails,Quality expert shapers for hard nails - fresh grocery product,1.47,https://via.placeholder.com/300x300?text=No+Image
29444,AA Rechargeable Nickel Metal Hydride Batteries,Quality aa rechargeable nickel metal hydride batteries - fresh grocery product,13.84,https://via.placeholder.com/300x300?text=No+Image
29596,Regular Liquid Nail Polish Remover,Quality regular liquid nail polish remover - fresh grocery product,13.71,https://via.placeholder.com/300x300?text=No+Image
29659,Early Result Pregnancy Test,Advanced Early Result Pregnancy Test,2.56,https://via.placeholder.com/300x300?text=No+Image
30010,Whole Raw Brazil Nuts,"Great Value Organic Raw Whole Cashews, 14 Oz",9.25,https://images.openfoodfacts.org/images/products/007/874/229/7071/front_en.10.400.jpg
30023,100% Pure Moisturizing Apricot Kernel Oil,Quality 100% pure moisturizing apricot kernel oil - fresh grocery product,9.88,https://via.placeholder.com/300x300?text=No+Image
30081,Stimulations Ultra Ribbed Premium Lubricant Latex Condoms,Quality stimulations ultra ribbed premium lubricant latex condoms - fresh grocery product,7.22,https://via.placeholder.com/300x300?text=No+Image
30094,Rapid Result Pregnancy Test Kit,Quality rapid result pregnancy test kit - fresh grocery product,5.09,https://via.placeholder.com/300x300?text=No+Image
30134,Ultra Thin Lubricated Condoms,Quality ultra thin lubricated condoms - fresh grocery product,5.81,https://via.placeholder.com/300x300?text=No+Image
30177,Ashwagandha Anti-Stress And Energy Caplets,Quality ashwagandha anti-stress and energy caplets - fresh grocery product,9.62,https://via.placeholder.com/300x300?text=No+Image
30200,Aspen Flower Essence Anxiety Homeopathic Remedy,Quality aspen flower essence anxiety homeopathic remedy - fresh grocery product,10.94,https://via.placeholder.com/300x300?text=No+Image
30417,Tolnaftate Powder Spray Antifungal,Quality tolnaftate powder spray antifungal - fresh grocery product,4.78,https://via.placeholder.com/300x300?text=No+Image
30569,Infants Pain Reliever and Fever Reducer Berry Drops,Quality infants pain reliever and fever reducer berry drops - fresh grocery product,13.77,https://via.placeholder.com/300x300?text=No+Image
30852,Bareskin Premium Lubricant Condoms Sensitivity,Quality bareskin premium lubricant condoms sensitivity - fresh grocery product,10.78,https://via.placeholder.com/300x300?text=No+Image
30931,Stimulations Ecstasy Ultrasmooth Lubricant Premium Latex Condoms,Quality stimulations ecstasy ultrasmooth lubricant premium latex condoms - fresh grocery product,4.04,https://via.placeholder.com/300x300?text=No+Image
31110,Skyn Original Condoms,Quality skyn original condoms - fresh grocery product,10.31,https://via.placeholder.com/300x300?text=No+Image
31113,Pinot Noir Rose,Pinot Noir Grande Réserve Maison Castel,4.04,https://images.openfoodfacts.org/images/products/321/120/003/7469/front_fr.3.400.jpg
31146,Moscato Rose,"Good schmitt, irresistible fruit spread, strawberry, beach rose, moscato, strawberry, beach rose, moscato",4.43,https://via.placeholder.com/300x300?text=No+Image
31197,Chocolate Covered Raisins,Milk chocolate covered raisins,6.59,https://images.openfoodfacts.org/images/products/871/129/901/6109/front_en.18.400.jpg
31421,Old El Paso Med Taco Sauce 16 Oz,Quality old el paso med taco sauce 16 oz - fresh grocery product,14.24,https://via.placeholder.com/300x300?text=No+Image
31494,Unflavored Pediatric Electrolyte,Quality unflavored pediatric electrolyte - fresh grocery product,9.16,https://via.placeholder.com/300x300?text=No+Image
31643,Kids Toothpaste Berry Smart,Quality kids toothpaste berry smart - fresh grocery product,2.34,https://via.placeholder.com/300x300?text=No+Image
31777,Sunscreen SPF 50+,Alba Botanica broad sunscreen spf 50 tropical fruit clear spray,2.33,https://via.placeholder.com/300x300?text=No+Image
31803,Baby Healing Ointment,Quality baby healing ointment - fresh grocery product,7.04,https://via.placeholder.com/300x300?text=No+Image
32048,Beef Chuck Eye Steak,Beef Chuck eye steak boneless,12.01,https://via.placeholder.com/300x300?text=No+Image
32073,Calms Nerve Tension Sleeplessness 4 GR. - 100 CT,Quality calms nerve tension sleeplessness 4 gr. - 100 ct - fresh grocery product,9.16,https://via.placeholder.com/300x300?text=No+Image
32115,93/7 Ground Beef,Marketside Organic 93/7 Grass Fed Ground Beef,8.17,https://via.placeholder.com/300x300?text=No+Image
32150,Magnum Thin Lubricated Condoms,Quality magnum thin lubricated condoms - fresh grocery product,14.28,https://via.placeholder.com/300x300?text=No+Image
32169,Magnum BareSkin Condoms,Quality magnum bareskin condoms - fresh grocery product,13.56,https://via.placeholder.com/300x300?text=No+Image
32283,Intensive Repair Extra-Enriched Hand Creme,Quality intensive repair extra-enriched hand creme - fresh grocery product,6.64,https://via.placeholder.com/300x300?text=No+Image
32308,"Melatonin TR, Time Release, 1 mg, Tablets","Quality melatonin tr, time release, 1 mg, tablets - fresh grocery product",5.93,https://via.placeholder.com/300x300?text=No+Image
32805,"Immunity Health, Gummy Bears","Quality immunity health, gummy bears - fresh grocery product",14.26,https://via.placeholder.com/300x300?text=No+Image
32816,Sunflower Seeds,Premium sunflower seeds - high quality grocery product,6.46,https://images.openfoodfacts.org/images/products/611/121/400/4747/front_en.14.400.jpg
32817,Cider Vinegar Diet Formula Capsules,Quality cider vinegar diet formula capsules - fresh grocery product,10.02,https://via.placeholder.com/300x300?text=No+Image
32844,Perfectly Pink Spritzer,Quality perfectly pink spritzer - fresh grocery product,12.18,https://via.placeholder.com/300x300?text=No+Image
33188,Herbatonin 0.3 mg Plant Melatonin Vegan Capsules,Quality herbatonin 0.3 mg plant melatonin vegan capsules - fresh grocery product,4.4,https://via.placeholder.com/300x300?text=No+Image
33286,Margarita,Pizza Margarita cuite au feu de bois,12.33,https://images.openfoodfacts.org/images/products/376/020/968/0027/front_fr.40.400.jpg
33372,Polenta,Premium polenta - high quality grocery product,12.0,https://images.openfoodfacts.org/images/products/360/090/002/1890/front_fr.26.400.jpg
33446,Treat Diaper Rash Cream,Quality treat diaper rash cream - fresh grocery product,8.84,https://via.placeholder.com/300x300?text=No+Image
33603,Elderflower Cordial,belvoir farm elderflower cordial,9.93,https://images.openfoodfacts.org/images/products/502/201/901/0202/front_en.25.400.jpg
33696,Ultimate Intensive Healing Hand Cream,Quality ultimate intensive healing hand cream - fresh grocery product,8.25,https://via.placeholder.com/300x300?text=No+Image
33759,Systemsupport Sleepthru 30 Vegetarian Liquid Phyto Caps,Quality systemsupport sleepthru 30 vegetarian liquid phyto caps - fresh grocery product,6.9,https://via.placeholder.com/300x300?text=No+Image
33923,Kids Sleep & Relax Herbal Syrup,Quality kids sleep & relax herbal syrup - fresh grocery product,10.95,https://via.placeholder.com/300x300?text=No+Image
33960,Aloe Vera Plant,Boisson à l'Aloe Vera - Saveur Original,6.04,https://images.openfoodfacts.org/images/products/000/001/858/9134/front_fr.14.400.jpg
34152,Water Based Personal Lubricant,Quality water based personal lubricant - fresh grocery product,8.1,https://via.placeholder.com/300x300?text=No+Image
34212,No Mess Toe Nail Clippers With Easy-Slide Clipping Catcher,Quality no mess toe nail clippers with easy-slide clipping catcher - fresh grocery product,12.79,https://via.placeholder.com/300x300?text=No+Image
34404,Facial Mask Age Defying Hydro Serum,Quality facial mask age defying hydro serum - fresh grocery product,4.75,https://via.placeholder.com/300x300?text=No+Image
34624,Fingernail Clipper With File,Quality fingernail clipper with file - fresh grocery product,10.61,https://via.placeholder.com/300x300?text=No+Image
34680,Bloody Mary Mix,Bloody Mary Mix,9.24,https://images.openfoodfacts.org/images/products/061/600/374/1361/front_en.3.400.jpg
34683,Wood Mouse Traps,Quality wood mouse traps - fresh grocery product,14.05,https://via.placeholder.com/300x300?text=No+Image
34718,Hand Soap Organic Lemongrass,Quality hand soap organic lemongrass - fresh grocery product,8.66,https://via.placeholder.com/300x300?text=No+Image
34761,Organic Herbes De Provence,Sauce tomate aux herbes de Provence biologique,14.77,https://images.openfoodfacts.org/images/products/325/039/254/7677/front_fr.22.400.jpg
34810,Melatonin+ 200mg L-Theanine Dietary Supplement Liquid Softgels,Quality melatonin+ 200mg l-theanine dietary supplement liquid softgels - fresh grocery product,5.65,https://via.placeholder.com/300x300?text=No+Image
34907,"Detox, Bentonite, Great Plains","Quality detox, bentonite, great plains - fresh grocery product",13.12,https://via.placeholder.com/300x300?text=No+Image
34989,Umcka Cold Care Children's Cherry Flavor Syrup,Quality umcka cold care children's cherry flavor syrup - fresh grocery product,8.93,https://via.placeholder.com/300x300?text=No+Image
35025,Vitamin Code Kids Cherry Berry Chewables,Quality vitamin code kids cherry berry chewables - fresh grocery product,7.43,https://via.placeholder.com/300x300?text=No+Image
35075,Zahatar Seasoning,Quality zahatar seasoning - fresh grocery product,7.49,https://via.placeholder.com/300x300?text=No+Image
35110,Waterfall Hand Wash,Quality waterfall hand wash - fresh grocery product,8.72,https://via.placeholder.com/300x300?text=No+Image
35133,Emergency Contraceptive,Quality emergency contraceptive - fresh grocery product,8.79,https://via.placeholder.com/300x300?text=No+Image
35142,Organic Breakfast Blend Coffee,Organic fair trade breakfast blend,7.28,https://images.openfoodfacts.org/images/products/000/000/095/1425/front_en.3.400.jpg
35189,Horseradish Bloody Mary Mix,"Bloody mary mix classically seasoned with black pepper, horseradish & worcestershire sauce, black pepper, horseradish & worcestershire sauce",7.64,https://via.placeholder.com/300x300?text=No+Image
35450,Hazelnut Liquid Coffee Creamer,Liquid coffee creamer hazelnut pump bottle,9.1,https://images.openfoodfacts.org/images/products/005/000/080/0049/front_en.4.400.jpg
35498,Watch 2032BP Batteries,Quality watch 2032bp batteries - fresh grocery product,4.05,https://via.placeholder.com/300x300?text=No+Image
35532,Her Pleasure Ecstasy Ultrasmooth Lubricant Latex Condoms,Quality her pleasure ecstasy ultrasmooth lubricant latex condoms - fresh grocery product,1.55,https://via.placeholder.com/300x300?text=No+Image
35667,Fruit Fly Trap,Quality fruit fly trap - fresh grocery product,10.49,https://via.placeholder.com/300x300?text=No+Image
35686,Black Elderberry Nighttime Syrup,Black Elderberry NightTime Syrup,12.8,https://images.openfoodfacts.org/images/products/075/106/380/0044/front_en.3.400.jpg
35930,Holland Mints,Valentine holland mints,10.96,https://via.placeholder.com/300x300?text=No+Image
35949,Camilia Teething Relief Single Doses,Quality camilia teething relief single doses - fresh grocery product,13.33,https://via.placeholder.com/300x300?text=No+Image
36066,SleepGels Nighttime Sleep Aid,Quality sleepgels nighttime sleep aid - fresh grocery product,14.96,https://via.placeholder.com/300x300?text=No+Image
36218,Double Ecstasy Lubricated Condoms,Quality double ecstasy lubricated condoms - fresh grocery product,1.58,https://via.placeholder.com/300x300?text=No+Image
36291,Maximum Strength Original Paste Diaper Rash Ointment,Quality maximum strength original paste diaper rash ointment - fresh grocery product,5.01,https://via.placeholder.com/300x300?text=No+Image
36314,Coconut Foot Creme,Quality coconut foot creme - fresh grocery product,11.79,https://via.placeholder.com/300x300?text=No+Image
36491,Living Jewel Junmai Sake,Quality living jewel junmai sake - fresh grocery product,11.46,https://via.placeholder.com/300x300?text=No+Image
36566,Sweet Vermouth Rosso,Quality sweet vermouth rosso - fresh grocery product,6.86,https://via.placeholder.com/300x300?text=No+Image
36631,Soothing Relief Diaper Rash Cream,Quality soothing relief diaper rash cream - fresh grocery product,10.44,https://via.placeholder.com/300x300?text=No+Image
36703,Athlete's Foot Clotrimazole Antifungal Cream,Quality athlete's foot clotrimazole antifungal cream - fresh grocery product,8.27,https://via.placeholder.com/300x300?text=No+Image
36842,Organic Tulsi Ginger Tea,Organic Tulsi Green Tea Lemon Ginger,13.89,https://images.openfoodfacts.org/images/products/080/154/150/8419/front_fr.5.400.jpg
36947,Sweet & Sour Cocktail Mix,Quality sweet & sour cocktail mix - fresh grocery product,2.71,https://via.placeholder.com/300x300?text=No+Image
37128,Esterelle Rose,Quality esterelle rose - fresh grocery product,5.68,https://via.placeholder.com/300x300?text=No+Image
37166,Yogurt Mint Sauce,Wild salmon in yogurt and mint sauce,6.54,https://images.openfoodfacts.org/images/products/000/000/096/0489/front_en.9.400.jpg
37314,Gold Digital Pregnancy Test,Quality gold digital pregnancy test - fresh grocery product,6.54,https://via.placeholder.com/300x300?text=No+Image
37389,Whispering Angel Rosé,Caves D Esclans Sacha Lichine Whispering Angel Rose,5.3,https://via.placeholder.com/300x300?text=No+Image
37401,Rapid Relief Zinc Oxide Diaper Rash Cream,Quality rapid relief zinc oxide diaper rash cream - fresh grocery product,1.9,https://via.placeholder.com/300x300?text=No+Image
37562,Rainbow Roll,Mentos Roll Rainbow,4.11,https://images.openfoodfacts.org/images/products/899/080/001/3244/front_ar.3.400.jpg
37760,Cherry Flavor Infants' Oral Suspension,"relieves babies' minor pains, headache, sore throat & toothache.",5.05,https://images.openfoodfacts.org/images/products/030/045/018/6607/front_en.4.400.jpg
37946,"Ibuprofen Drops for ages 6-23 Months, White Grape Flavor","Quality ibuprofen drops for ages 6-23 months, white grape flavor - fresh grocery product",5.91,https://via.placeholder.com/300x300?text=No+Image
38088,Grenadine Syrup,Sirop sans sucre,10.94,https://images.openfoodfacts.org/images/products/325/622/109/6279/front_fr.42.400.jpg
38257,Baby Nighttime Tiny Cold Syrup,Quality baby nighttime tiny cold syrup - fresh grocery product,6.98,https://via.placeholder.com/300x300?text=No+Image
38270,Ultimate Care Hand Cream With Baobab Oil,Quality ultimate care hand cream with baobab oil - fresh grocery product,12.55,https://via.placeholder.com/300x300?text=No+Image
38412,Pitted Green Olives,Pitted Green Olives,12.49,https://images.openfoodfacts.org/images/products/000/002/044/3375/front_en.141.400.jpg
38482,Fiorucci All Natural Uncured Pancetta,Quality fiorucci all natural uncured pancetta - fresh grocery product,5.11,https://via.placeholder.com/300x300?text=No+Image
38662,Roasted Almond Butter,Almond Butter - Roasted - Creamy - Unsweetened & Salt Free,2.09,https://images.openfoodfacts.org/images/products/004/408/203/4416/front_en.12.400.jpg
38681,California White Zinfandel,California White Zinfandel,4.96,https://images.openfoodfacts.org/images/products/008/981/972/4246/front_en.3.400.jpg
38981,Crisp Cucumber & Melon Hand Soap,Quality crisp cucumber & melon hand soap - fresh grocery product,11.12,https://via.placeholder.com/300x300?text=No+Image
39071,Walnuts,Walnuts XXL,3.68,https://images.openfoodfacts.org/images/products/000/002/081/6438/front_en.85.400.jpg
39148,Baby Cough Syrup,Baby Soothing Cough Syrup,10.25,https://images.openfoodfacts.org/images/products/089/723/370/9042/front_en.3.400.jpg
39192,SleepTabs Nighttime Sleep Aid,Quality sleeptabs nighttime sleep aid - fresh grocery product,4.51,https://via.placeholder.com/300x300?text=No+Image
39344,MicroThin Condoms,Quality microthin condoms - fresh grocery product,3.4,https://via.placeholder.com/300x300?text=No+Image
39366,Homeopathic Grape Flavor Baby Gas Drops,Quality homeopathic grape flavor baby gas drops - fresh grocery product,1.05,https://via.placeholder.com/300x300?text=No+Image
39422,Season Tyme Leaves .5 Oz,Quality season tyme leaves .5 oz - fresh grocery product,5.36,https://via.placeholder.com/300x300?text=No+Image
39461,Coffee Mate French Vanilla Creamer Packets,Quality coffee mate french vanilla creamer packets - fresh grocery product,9.66,https://via.placeholder.com/300x300?text=No+Image
39511,Baby Diaper Rash Ointment,Quality baby diaper rash ointment - fresh grocery product,6.13,https://via.placeholder.com/300x300?text=No+Image
39635,Original Bloody Mary Mix,"Mr & mrs t, non-alcoholic original bloody mary mix",5.22,https://via.placeholder.com/300x300?text=No+Image
39670,Spicy Salmon Roll,Spicy salmon Avocado rolls,3.74,https://via.placeholder.com/300x300?text=No+Image
39750,Coconut & Warm Ginger Hand Soap,Quality coconut & warm ginger hand soap - fresh grocery product,13.22,https://via.placeholder.com/300x300?text=No+Image
39766,Gluten Free Fig Bars,Gluten Free Blueberry Fig Bar,3.84,https://images.openfoodfacts.org/images/products/004/749/571/0618/front_en.9.400.jpg
39768,Rescue Natural Sleep Liquid Melts,Quality rescue natural sleep liquid melts - fresh grocery product,1.91,https://via.placeholder.com/300x300?text=No+Image
39819,Organic Maple Sugar,Gluten Free Brown Sugar Maple Instant Oatmeal,2.55,https://images.openfoodfacts.org/images/products/005/844/945/0610/front_en.17.400.jpg
39946,Skyn Elite Condoms,Quality skyn elite condoms - fresh grocery product,11.28,https://via.placeholder.com/300x300?text=No+Image
40110,Giraffes Diapers Size 4 L,Quality giraffes diapers size 4 l - fresh grocery product,14.96,https://via.placeholder.com/300x300?text=No+Image
40165,Organic Margarita Mix,Organic margarita mix,4.33,https://via.placeholder.com/300x300?text=No+Image
40301,Caramelized Pecans,Peanut Butter Caramelized Crunchy Pecan,2.74,https://images.openfoodfacts.org/images/products/560/038/089/5194/front_en.53.400.jpg
40359,Fine Sea Salt,Fine Sea Salt,14.02,https://images.openfoodfacts.org/images/products/501/998/910/3096/front_en.37.400.jpg
40715,Original Diaper Rash Ointment,Quality original diaper rash ointment - fresh grocery product,8.48,https://via.placeholder.com/300x300?text=No+Image
40764,Norwegian Gold Kids DHA Chewables Fruit Punch Flavor,Quality norwegian gold kids dha chewables fruit punch flavor - fresh grocery product,12.37,https://via.placeholder.com/300x300?text=No+Image
41000,Cream Sherry,"Crustless chicken pot pie white meat chicken, broccoli, cauliflower, spinach and carrots in a sherry & herb cream sauce",13.65,https://images.openfoodfacts.org/images/products/063/748/009/0322/front_en.4.400.jpg
41200,Naturals Children's Sleep Melatonin Supplement,Quality naturals children's sleep melatonin supplement - fresh grocery product,13.05,https://via.placeholder.com/300x300?text=No+Image
41341,Ultra Ribbed Premium Lubricant Condoms Stimulations,Quality ultra ribbed premium lubricant condoms stimulations - fresh grocery product,13.38,https://via.placeholder.com/300x300?text=No+Image
41353,Lavender,Miel de Lavande de Provence (origine France).,7.38,https://images.openfoodfacts.org/images/products/356/007/100/9755/front_fr.60.400.jpg
41752,Cleanse Smart Advanced Total-Body Internal Cleanse 30-Day Program Vegetable Capsules,Quality cleanse smart advanced total-body internal cleanse 30-day program vegetable capsules - fresh grocery product,1.62,https://via.placeholder.com/300x300?text=No+Image
41760,Magnum Lubricated Large Size Latex Condoms,Quality magnum lubricated large size latex condoms - fresh grocery product,5.48,https://via.placeholder.com/300x300?text=No+Image
41917,Roasted Salted Pistachios,Californian Pistachios - Roasted & Salted,13.82,https://images.openfoodfacts.org/images/products/000/002/003/2982/front_en.57.400.jpg
41957,Original Berry Flavor Infant Drops,Quality original berry flavor infant drops - fresh grocery product,6.5,https://via.placeholder.com/300x300?text=No+Image
42040,Black Pepper Grinder,Black Peppercorn Grinder,6.2,https://images.openfoodfacts.org/images/products/405/648/951/9591/front_en.8.400.jpg
42057,Plus Pregnancy Test,Quality plus pregnancy test - fresh grocery product,10.86,https://via.placeholder.com/300x300?text=No+Image
42099,Eucalyptus Ease Bubble Bath,Quality eucalyptus ease bubble bath - fresh grocery product,2.56,https://via.placeholder.com/300x300?text=No+Image
42279,Organic Bloody Mary Mix,Organic bloody mary mix,14.77,https://via.placeholder.com/300x300?text=No+Image
42321,Candigone Advanced Cleansing System,Quality candigone advanced cleansing system - fresh grocery product,10.83,https://via.placeholder.com/300x300?text=No+Image
42369,Old Fashion Aromatic Bitters,Quality old fashion aromatic bitters - fresh grocery product,7.94,https://via.placeholder.com/300x300?text=No+Image
42498,Spiral Sliced Hickory Smoked Ham,Bone-in Spiral Sliced Ham With Natural Juices Hickory Smoked,14.75,https://images.openfoodfacts.org/images/products/000/008/164/1710/front_en.5.400.jpg
42729,Roll N Wrap Roll Avocado Salad,Quality roll n wrap roll avocado salad - fresh grocery product,5.65,https://via.placeholder.com/300x300?text=No+Image
42914,Organic Raw Walnut Halves,"Organic raw, halves & pieces walnuts",10.76,https://via.placeholder.com/300x300?text=No+Image
42952,Crayons,"Glace au chocolat 28,7% et glace au chocolat noir 28,7%, gaufrette 20,6%, chemisage au cacao maigre 9%, crayon de sauce au chocolat 8,5%, décor au cacao maigre 3% et noisettes sucrées et grillées 1,5%",13.38,https://images.openfoodfacts.org/images/products/356/007/033/5879/front_fr.56.400.jpg
42978,Lavendar Chamomile Hand Soap,Quality lavendar chamomile hand soap - fresh grocery product,9.54,https://via.placeholder.com/300x300?text=No+Image
43041,All Purpose Precision Tip 2 Pack,Quality all purpose precision tip 2 pack - fresh grocery product,9.01,https://via.placeholder.com/300x300?text=No+Image
43058,Maximum Absorbency Underwear for Men - L/XL,Quality maximum absorbency underwear for men - l/xl - fresh grocery product,9.85,https://via.placeholder.com/300x300?text=No+Image
43089,Organic Sweet Cream Cherry Lime Yogurt,Quality organic sweet cream cherry lime yogurt - fresh grocery product,12.54,https://via.placeholder.com/300x300?text=No+Image
43245,Pumpkin Bread Mix,Pumpkin Bread & Muffin Mix,2.4,https://images.openfoodfacts.org/images/products/000/000/052/4841/front_en.19.400.jpg
43393,Antibacterial Hand Soap,"Dial Antibacterial Liquid Hand Soap Refill, Spring Water 1.53L ., Dial Hand Soap Refill",5.92,https://images.openfoodfacts.org/images/products/001/700/030/8982/front_en.9.400.jpg
43786,Whole Sesame Seed,Premium whole sesame seed - high quality grocery product,14.65,https://images.openfoodfacts.org/images/products/501/807/620/0366/front_en.3.400.jpg
43793,Calendula with Beeswax & Sunflower Zinc Oxide Diaper Cream,Quality calendula with beeswax & sunflower zinc oxide diaper cream - fresh grocery product,5.66,https://via.placeholder.com/300x300?text=No+Image
43828,Non Alcoholic Lime Margarita Mix,Quality non alcoholic lime margarita mix - fresh grocery product,7.05,https://via.placeholder.com/300x300?text=No+Image
43842,Baby Naturals Gel For Teething Pain Relief,Quality baby naturals gel for teething pain relief - fresh grocery product,3.01,https://via.placeholder.com/300x300?text=No+Image
43918,Hand Sanitizer w/ Jelly Wrap Assorted Scents And Colors,Quality hand sanitizer w/ jelly wrap assorted scents and colors - fresh grocery product,12.59,https://via.placeholder.com/300x300?text=No+Image
43985,Tropical Fruit Electrolyte Solution,Quality tropical fruit electrolyte solution - fresh grocery product,5.11,https://via.placeholder.com/300x300?text=No+Image
44003,Melatonin 2.5 Mg Sublingual Peppermint Tablets,Quality melatonin 2.5 mg sublingual peppermint tablets - fresh grocery product,2.91,https://via.placeholder.com/300x300?text=No+Image
44043,5-HTP 100 Mg Vegetarian Capsules,Quality 5-htp 100 mg vegetarian capsules - fresh grocery product,8.17,https://via.placeholder.com/300x300?text=No+Image
44114,Ultra Sensitive Condoms,Quality ultra sensitive condoms - fresh grocery product,2.25,https://via.placeholder.com/300x300?text=No+Image
44121,Lemon Verbena Foaming Hand Soap,Quality lemon verbena foaming hand soap - fresh grocery product,11.48,https://via.placeholder.com/300x300?text=No+Image
44218,Duct Tape,Quality duct tape - fresh grocery product,7.0,https://via.placeholder.com/300x300?text=No+Image
44236,Dry Marsala,Quality dry marsala - fresh grocery product,2.45,https://via.placeholder.com/300x300?text=No+Image
44281,Super Colon Cleanse Capsules Psyllum Supplement With Herbs,Quality super colon cleanse capsules psyllum supplement with herbs - fresh grocery product,6.51,https://via.placeholder.com/300x300?text=No+Image
44318,Vanilla Latte Chilled Espresso Beverage,"Starbucks, chilled espresso beverage, skinny vanilla latte, skinny vanilla latte",7.22,https://via.placeholder.com/300x300?text=No+Image
44380,Pork Back Ribs,Pork Back Ribs,12.73,https://via.placeholder.com/300x300?text=No+Image
44405,Healing Ointment Advanced Therapy,Aquaphor Healing Ointment Advanced Therapy,13.62,https://images.openfoodfacts.org/images/products/007/214/000/4019/front_en.3.400.jpg
44558,Prevent Original Ointment,Quality prevent original ointment - fresh grocery product,10.91,https://via.placeholder.com/300x300?text=No+Image
44591,Whole Coriander Seed,Coriander seed whole organic spices,13.53,https://via.placeholder.com/300x300?text=No+Image
44645,Sesame Street Bright Banana Apple Baby Tooth & Gum Cleanser + Toothbrush,Quality sesame street bright banana apple baby tooth & gum cleanser + toothbrush - fresh grocery product,9.17,https://via.placeholder.com/300x300?text=No+Image
44695,Echinacea + Vitamin C & Zinc Gummy Bears,Quality echinacea + vitamin c & zinc gummy bears - fresh grocery product,12.21,https://via.placeholder.com/300x300?text=No+Image
44809,Kids Black Elderberry Syrup,Quality kids black elderberry syrup - fresh grocery product,13.36,https://via.placeholder.com/300x300?text=No+Image
44885,Liquid Ant Baits,Quality liquid ant baits - fresh grocery product,10.94,https://via.placeholder.com/300x300?text=No+Image
44931,Max AAA Batteries,Quality max aaa batteries - fresh grocery product,2.41,https://via.placeholder.com/300x300?text=No+Image
44963,Roasted Tamari Almonds,"Roley's, Dry Roasted Tamari Almonds",1.81,https://via.placeholder.com/300x300?text=No+Image
45071,Boneless Pork Tenderloin,"Meijer, boneless seasoned pork tenderloin, smokehouse mesquite",6.36,https://via.placeholder.com/300x300?text=No+Image
45166,French Green Lentils,Puy Lentils & French green lentils,5.71,https://images.openfoodfacts.org/images/products/501/809/501/1271/front_en.3.400.jpg
45340,Fresh Garden Mint Sauce,Fresh garden mint sauce,13.34,https://via.placeholder.com/300x300?text=No+Image
45384,Foot Balm,Foot Repair Balm,9.07,https://via.placeholder.com/300x300?text=No+Image
45435,Super Cleanse Tablets,Quality super cleanse tablets - fresh grocery product,10.39,https://via.placeholder.com/300x300?text=No+Image
45573,Strike On Box Matches,Quality strike on box matches - fresh grocery product,10.64,https://via.placeholder.com/300x300?text=No+Image
45711,Chlorofresh Liquid Chlorophyll,Quality chlorofresh liquid chlorophyll - fresh grocery product,3.03,https://via.placeholder.com/300x300?text=No+Image
45777,Vitamin Code Kids Chewable Whole Food Multivitamin For Kids Cherry Berry,Quality vitamin code kids chewable whole food multivitamin for kids cherry berry - fresh grocery product,10.88,https://via.placeholder.com/300x300?text=No+Image
45818,Pediatric Electrolyte Solution with Zinc Grape,Quality pediatric electrolyte solution with zinc grape - fresh grocery product,6.57,https://via.placeholder.com/300x300?text=No+Image
45856,Cherry Vanilla Granola,"Organic Trail Mix Chewy Granola Bars, Vanilla, Almond, Cherry",12.77,https://via.placeholder.com/300x300?text=No+Image
45884,Tulips,Pâté de jambon haché - Délice de Jambon,14.58,https://images.openfoodfacts.org/images/products/576/238/506/0028/front_fr.44.400.jpg
45912,Washable Water Colors,Quality washable water colors - fresh grocery product,2.27,https://via.placeholder.com/300x300?text=No+Image
46177,Limoncello Originale,Limoncello Originale,1.18,https://images.openfoodfacts.org/images/products/008/066/077/6057/front_en.3.400.jpg
46234,"Tummy Ache Natural Relief Quick-Dissolving Tablets, Ages 2-12","Quality tummy ache natural relief quick-dissolving tablets, ages 2-12 - fresh grocery product",12.76,https://via.placeholder.com/300x300?text=No+Image
46247,Extra Sensitive Ultra Thin Condoms,Quality extra sensitive ultra thin condoms - fresh grocery product,10.61,https://via.placeholder.com/300x300?text=No+Image
46404,Cotes De Provence Rose,75CL Cotes De Provence Rose Manon 2008,7.69,https://images.openfoodfacts.org/images/products/333/062/000/4735/front_fr.3.400.jpg
46414,The Ultimate Margarita,The ultimate margarita pineapple,8.06,https://images.openfoodfacts.org/images/products/081/153/801/0399/front_en.8.400.jpg
46440,Traditional Panettone,Traditional Panettone,13.34,https://images.openfoodfacts.org/images/products/009/948/245/1202/front_en.4.400.jpg
46477,100% Pure Peppermint Oil,Essential Oils 100% Organic & Pure Peppermint,4.08,https://via.placeholder.com/300x300?text=No+Image
46507,Simple Syrup,Sunny Via Agave syrup squeeze bottle imp,1.77,https://images.openfoodfacts.org/images/products/308/854/350/6255/front_en.230.400.jpg
46696,Queso Fresco Cheese,Queso fresco granulado (mínimo 20% M.G./E.S.),3.48,https://images.openfoodfacts.org/images/products/000/002/000/2183/front_es.185.400.jpg
46739,French Wine Aperitif,Quality french wine aperitif - fresh grocery product,13.74,https://via.placeholder.com/300x300?text=No+Image
46745,Lentil And Rice (Creamy Coconut),Quality lentil and rice (creamy coconut) - fresh grocery product,14.88,https://via.placeholder.com/300x300?text=No+Image
46793,Maximum Strength Original Diaper Rash Ointment,Quality maximum strength original diaper rash ointment - fresh grocery product,11.73,https://via.placeholder.com/300x300?text=No+Image
46824,Sweet & Sour Mix,Sweet and Sour Chicken,4.11,https://images.openfoodfacts.org/images/products/000/000/078/7864/front_en.13.400.jpg
46907,Children's Grape 24-Hour,Quality children's grape 24-hour - fresh grocery product,9.64,https://via.placeholder.com/300x300?text=No+Image
46912,Children's Chestal Homeopathic Medicine,Quality children's chestal homeopathic medicine - fresh grocery product,1.67,https://via.placeholder.com/300x300?text=No+Image
46936,Mojito,Oulmes virgin mojito,2.76,https://images.openfoodfacts.org/images/products/611/103/500/2113/front_fr.3.400.jpg
46950,Deep Sleep Herbal Formula,Quality deep sleep herbal formula - fresh grocery product,10.84,https://via.placeholder.com/300x300?text=No+Image
47137,Organic Eucalyptus Oil,"Organic Essential Oils Aromatherapy Set - Top 4 - Peppermint, Eucalyptus, Lavender, Orange",7.95,https://via.placeholder.com/300x300?text=No+Image
47200,Kidz 250 Mg Vitamin C Fizzy  Fruit Punch Drink Mix,Quality kidz 250 mg vitamin c fizzy  fruit punch drink mix - fresh grocery product,3.95,https://via.placeholder.com/300x300?text=No+Image
47250,Beef Flank Steak,No Beef Flank Steak,7.96,https://via.placeholder.com/300x300?text=No+Image
47442,"Cocktail Mixer, Mojito",Mojito sparkling cocktail mixer,12.04,https://via.placeholder.com/300x300?text=No+Image
47466,Whole Cumin,Comino en grano,1.2,https://images.openfoodfacts.org/images/products/848/000/034/1211/front_es.22.400.jpg
47746,"Raw Shea Butter Bath, Body and Massage Oil","Quality raw shea butter bath, body and massage oil - fresh grocery product",14.08,https://via.placeholder.com/300x300?text=No+Image
47812,Concentrated DEEP REACH Fogger,Quality concentrated deep reach fogger - fresh grocery product,1.35,https://via.placeholder.com/300x300?text=No+Image
47850,Cellular Detox Bath,Quality cellular detox bath - fresh grocery product,12.67,https://via.placeholder.com/300x300?text=No+Image
47856,Milk Chocolate Malt Balls,Milk Chocolate Malt Balls,4.79,https://images.openfoodfacts.org/images/products/008/670/068/1701/front_en.3.400.jpg
48005,Honey & Lemon Alcohol Free Formula Kids Cough Syrup,Quality honey & lemon alcohol free formula kids cough syrup - fresh grocery product,7.97,https://via.placeholder.com/300x300?text=No+Image
48031,Italian Sweet Creme Creamer,Italian sweet crème coffee creamer,3.61,https://images.openfoodfacts.org/images/products/005/000/028/1428/front_en.9.400.jpg
48049,Salted Mixed Nuts,"A mix of roasted and salted almonds, hazelnuts, cashew nuts, peanuts and pecan nuts",14.98,https://images.openfoodfacts.org/images/products/505/232/056/5191/front_en.3.400.jpg
48177,Organic Turmeric Powder,Premium organic turmeric powder - high quality grocery product,13.42,https://images.openfoodfacts.org/images/products/405/817/250/7984/front_cs.29.400.jpg
48240,Baiocchi,Biscuit with hazelnut and cocoa filling,11.52,https://images.openfoodfacts.org/images/products/807/680/957/3252/front_en.148.400.jpg
48249,Hazelnut Creamer,Hazelnut Coffee Creamer,10.67,https://images.openfoodfacts.org/images/products/081/829/001/7048/front_en.25.400.jpg
48258,Relaxing Sleep,Relaxing Sleep Mist,12.24,https://via.placeholder.com/300x300?text=No+Image
48402,"Homeopathic Remedy, for Travel Fatigue","Quality homeopathic remedy, for travel fatigue - fresh grocery product",6.14,https://via.placeholder.com/300x300?text=No+Image
48543,Organic Flax Seed,"Flaxseed, Sunflower, Pumpkin & Chia Seeds & Goji Berries",10.64,https://images.openfoodfacts.org/images/products/501/688/700/4999/front_en.23.400.jpg
48575,Candida Cleanse Tablets,Quality candida cleanse tablets - fresh grocery product,6.23,https://via.placeholder.com/300x300?text=No+Image
48652,Clear Away Wart Remover Medicated Discs & Cushioning Pads for Feet,Quality clear away wart remover medicated discs & cushioning pads for feet - fresh grocery product,10.39,https://via.placeholder.com/300x300?text=No+Image
48728,Calms Forte Sleep Aid Tablets - 100 CT,Quality calms forte sleep aid tablets - 100 ct - fresh grocery product,9.92,https://via.placeholder.com/300x300?text=No+Image
48787,Cherry Nighttime Instant Teething Pain Relief Gel,Quality cherry nighttime instant teething pain relief gel - fresh grocery product,10.62,https://via.placeholder.com/300x300?text=No+Image
48796,Frozen Palak Paneer Meal with Naan Bread,Quality frozen palak paneer meal with naan bread - fresh grocery product,13.67,https://via.placeholder.com/300x300?text=No+Image
49088,Natural Body & Foot Powder with Tea Tree Oil & GSE,Quality natural body & foot powder with tea tree oil & gse - fresh grocery product,12.0,https://via.placeholder.com/300x300?text=No+Image
49196,"Anti-Fungal Liquid, Maximum Strength","Quality anti-fungal liquid, maximum strength - fresh grocery product",2.27,https://via.placeholder.com/300x300?text=No+Image
49290,Protection Magickal Mineral Bath Salts With Natural Sea Salt & Pure Essential Oils,Quality protection magickal mineral bath salts with natural sea salt & pure essential oils - fresh grocery product,12.79,https://via.placeholder.com/300x300?text=No+Image
49297,Diphenhydramine Hcl Nighttime Sleep Aid Mini Caplets,Quality diphenhydramine hcl nighttime sleep aid mini caplets - fresh grocery product,5.61,https://via.placeholder.com/300x300?text=No+Image
49360,ZzzQuil Alcohol-Free Nighttime Liquid Sleep Aid,Quality zzzquil alcohol-free nighttime liquid sleep aid - fresh grocery product,11.19,https://via.placeholder.com/300x300?text=No+Image
49486,Boneless Beef Chuck Steak,Boneless beef chuck shoulder cross-rib steak,1.04,https://via.placeholder.com/300x300?text=No+Image
49541,Sweet Echinacea,Mielee propoli con echinacea purpurea e sambuco,12.48,https://images.openfoodfacts.org/images/products/800/112/044/7937/front_it.3.400.jpg
49542,Grapefruit Bergamot Foaming Handwash,Quality grapefruit bergamot foaming handwash - fresh grocery product,10.21,https://via.placeholder.com/300x300?text=No+Image
49596,Psyllium Husk Powder,Psyllium husk powder,4.01,https://images.openfoodfacts.org/images/products/invalid/front_fr.12.400.jpg
49613,Sirloin Tip Roast,Angus Sirloin Tip Roast,10.83,https://images.openfoodfacts.org/images/products/020/018/252/2349/front_en.3.400.jpg
49632,Lavender & Bergamot Sleep Balm,Quality lavender & bergamot sleep balm - fresh grocery product,8.8,https://via.placeholder.com/300x300?text=No+Image
